2026-05-23 17:27:28,917 - BotManager - INFO - Bot Manager Started (Async Realtime Mode). Setting up listeners...
2026-05-23 17:27:29,568 - BotManager - INFO - Synchronizing bots with database...
2026-05-23 17:27:32,017 - BotManager - INFO - Starting bot: 5542fc01-651b-4db9-ac26-0f56ac329ef9
2026-05-23 17:27:32,059 - BotManager - INFO - Starting bot: 2d250812-83d4-4101-9a49-68ccd475b78c
2026-05-23 17:27:32,106 - BotManager - INFO - Starting bot: 4f4b03bb-3db4-4e4d-9f41-89ea8b36d04f
2026-05-23 17:27:32,133 - BotManager - INFO - Starting bot: 63a8fb0f-0b30-40e1-b1c0-9e85f93c7bc0
2026-05-23 17:27:32,167 - BotManager - INFO - Starting bot: 6dc0ad74-df4f-4494-bafa-814999a65ca8
2026-05-23 17:27:32,200 - BotManager - INFO - Starting bot: d1d905aa-c338-40d6-9cc2-e4b452f374b9
2026-05-23 17:27:32,227 - BotManager - INFO - Starting bot: 80b3cc75-40e6-469f-85b0-dcf2f00b3565
2026-05-23 17:27:32,250 - BotManager - INFO - Starting bot: e3152ed4-067d-4138-9e39-53da4dd5a207
2026-05-23 17:27:32,283 - BotManager - INFO - Starting bot: 0aa97880-b371-4d8f-898f-3f3bf3862d0f
2026-05-23 17:27:32,317 - BotManager - INFO - Starting bot: 5e27ec16-8975-47e9-aff4-9012a6679125
2026-05-23 17:27:32,346 - BotManager - INFO - Starting bot: 784e2269-9257-4a14-a229-a62682a4484e
2026-05-23 17:27:32,375 - BotManager - INFO - Starting bot: 9cae20d8-0893-440a-9084-52d2689c7c9e
2026-05-23 17:27:32,407 - BotManager - INFO - Starting bot: 8d794bd1-6e6f-4ba3-8d76-5be83bd9bbc3
2026-05-23 17:27:32,433 - BotManager - INFO - Starting bot: ff7aa6f9-db8f-4eec-bfd2-1398db58380f
2026-05-23 17:27:32,467 - BotManager - INFO - Starting bot: 7b014d5b-a0fe-464c-bced-d3693cfe2a3a
2026-05-23 17:27:35,067 - BotManager - INFO - Realtime subscriptions active. Monitoring for database changes...
2026-05-23 17:27:37,446 - BotManager - ERROR - Failed to start bot 0aa97880-b371-4d8f-898f-3f3bf3862d0f: Bot token expired (caused by ImportBotAuthorizationRequest)
2026-05-23 17:27:37,906 - BotManager - ERROR - Failed to start bot 4f4b03bb-3db4-4e4d-9f41-89ea8b36d04f: Bot token expired (caused by ImportBotAuthorizationRequest)
2026-05-23 17:27:38,050 - BotManager - ERROR - Failed to start bot e3152ed4-067d-4138-9e39-53da4dd5a207: Bot token expired (caused by ImportBotAuthorizationRequest)
2026-05-23 17:27:39,446 - BotManager - INFO - Bot d1d905aa-c338-40d6-9cc2-e4b452f374b9 started successfully!
2026-05-23 17:27:39,447 - BotManager - INFO - Bot d1d905aa-c338-40d6-9cc2-e4b452f374b9: 12h reminder task started (checks every 30 min).
2026-05-23 17:27:39,820 - BotManager - INFO - Bot 63a8fb0f-0b30-40e1-b1c0-9e85f93c7bc0 started successfully!
2026-05-23 17:27:39,820 - BotManager - INFO - Bot 63a8fb0f-0b30-40e1-b1c0-9e85f93c7bc0: 12h reminder task started (checks every 30 min).
2026-05-23 17:27:39,882 - BotManager - INFO - Bot 5e27ec16-8975-47e9-aff4-9012a6679125 started successfully!
2026-05-23 17:27:39,882 - BotManager - INFO - Bot 5e27ec16-8975-47e9-aff4-9012a6679125: 12h reminder task started (checks every 30 min).
2026-05-23 17:27:39,909 - BotManager - INFO - Bot 6dc0ad74-df4f-4494-bafa-814999a65ca8 started successfully!
2026-05-23 17:27:39,909 - BotManager - INFO - Bot 6dc0ad74-df4f-4494-bafa-814999a65ca8: 12h reminder task started (checks every 30 min).
2026-05-23 17:27:39,944 - BotManager - INFO - Bot 2d250812-83d4-4101-9a49-68ccd475b78c started successfully!
2026-05-23 17:27:39,946 - BotManager - INFO - Bot 2d250812-83d4-4101-9a49-68ccd475b78c: 12h reminder task started (checks every 30 min).
2026-05-23 17:27:40,128 - BotManager - INFO - Bot 784e2269-9257-4a14-a229-a62682a4484e started successfully!
2026-05-23 17:27:40,129 - BotManager - INFO - Bot 784e2269-9257-4a14-a229-a62682a4484e: 12h reminder task started (checks every 30 min).
2026-05-23 17:27:40,449 - BotManager - INFO - Bot 8d794bd1-6e6f-4ba3-8d76-5be83bd9bbc3 started successfully!
2026-05-23 17:27:40,450 - BotManager - INFO - Bot 8d794bd1-6e6f-4ba3-8d76-5be83bd9bbc3: 12h reminder task started (checks every 30 min).
2026-05-23 17:27:40,466 - BotManager - INFO - Bot 7b014d5b-a0fe-464c-bced-d3693cfe2a3a started successfully!
2026-05-23 17:27:40,474 - BotManager - INFO - Bot 7b014d5b-a0fe-464c-bced-d3693cfe2a3a: 12h reminder task started (checks every 30 min).
2026-05-23 17:27:40,480 - BotManager - INFO - Bot 5542fc01-651b-4db9-ac26-0f56ac329ef9 started successfully!
2026-05-23 17:27:40,481 - BotManager - INFO - Bot 5542fc01-651b-4db9-ac26-0f56ac329ef9: 12h reminder task started (checks every 30 min).
2026-05-23 17:27:40,508 - BotManager - INFO - Bot ff7aa6f9-db8f-4eec-bfd2-1398db58380f started successfully!
2026-05-23 17:27:40,508 - BotManager - INFO - Bot ff7aa6f9-db8f-4eec-bfd2-1398db58380f: 12h reminder task started (checks every 30 min).
2026-05-23 17:27:40,975 - BotManager - INFO - Bot 80b3cc75-40e6-469f-85b0-dcf2f00b3565 started successfully!
2026-05-23 17:27:40,975 - BotManager - INFO - Bot 80b3cc75-40e6-469f-85b0-dcf2f00b3565: 12h reminder task started (checks every 30 min).
2026-05-23 17:27:40,996 - BotManager - INFO - Bot 9cae20d8-0893-440a-9084-52d2689c7c9e started successfully!
2026-05-23 17:27:40,999 - BotManager - INFO - Bot 9cae20d8-0893-440a-9084-52d2689c7c9e: 12h reminder task started (checks every 30 min).
2026-05-23 17:28:05,066 - BotManager - INFO - Synchronizing bots with database...
2026-05-23 17:28:37,138 - BotManager - INFO - Synchronizing bots with database...
2026-05-23 17:29:09,043 - BotManager - INFO - Synchronizing bots with database...
2026-05-23 17:29:41,099 - BotManager - INFO - Synchronizing bots with database...
2026-05-23 17:30:13,549 - BotManager - INFO - Synchronizing bots with database...
2026-05-23 17:30:19,269 - BotManager - INFO - Realtime Event: RealtimePostgresChangesListenEvent.Update on telegram_tracker
2026-05-23 17:30:19,273 - BotManager - INFO - Synchronizing bots with database...
2026-05-23 17:30:45,698 - BotManager - INFO - Synchronizing bots with database...
2026-05-23 17:31:18,272 - BotManager - INFO - Synchronizing bots with database...
2026-05-23 17:31:50,033 - BotManager - INFO - Synchronizing bots with database...
2026-05-23 17:32:22,296 - BotManager - INFO - Synchronizing bots with database...
2026-05-23 17:32:54,533 - BotManager - INFO - Synchronizing bots with database...
2026-05-23 17:33:26,756 - BotManager - INFO - Synchronizing bots with database...
2026-05-23 17:33:59,446 - BotManager - INFO - Synchronizing bots with database...
2026-05-23 17:34:31,850 - BotManager - INFO - Synchronizing bots with database...
2026-05-23 17:35:04,159 - BotManager - INFO - Synchronizing bots with database...
2026-05-23 17:35:36,092 - BotManager - INFO - Synchronizing bots with database...
2026-05-23 17:36:08,296 - BotManager - INFO - Synchronizing bots with database...
2026-05-23 17:36:40,644 - BotManager - INFO - Synchronizing bots with database...
2026-05-23 17:37:12,983 - BotManager - INFO - Synchronizing bots with database...
2026-05-23 17:37:45,122 - BotManager - INFO - Synchronizing bots with database...
2026-05-23 17:38:17,917 - BotManager - INFO - Synchronizing bots with database...
2026-05-23 17:38:50,047 - BotManager - INFO - Synchronizing bots with database...
2026-05-23 17:39:22,133 - BotManager - INFO - Synchronizing bots with database...
2026-05-23 17:39:54,185 - BotManager - INFO - Synchronizing bots with database...
2026-05-23 17:40:26,394 - BotManager - INFO - Synchronizing bots with database...
2026-05-23 17:40:58,658 - BotManager - INFO - Synchronizing bots with database...
2026-05-23 17:41:16,492 - BotManager - INFO - Realtime Event: RealtimePostgresChangesListenEvent.Update on telegram_tracker
2026-05-23 17:41:16,492 - BotManager - INFO - Synchronizing bots with database...
2026-05-23 17:41:31,227 - BotManager - INFO - Synchronizing bots with database...
2026-05-23 17:42:03,144 - BotManager - INFO - Synchronizing bots with database...
2026-05-23 17:42:35,344 - BotManager - INFO - Synchronizing bots with database...
2026-05-23 17:43:07,774 - BotManager - INFO - Synchronizing bots with database...
2026-05-23 17:43:40,638 - BotManager - INFO - Synchronizing bots with database...
2026-05-23 17:44:13,325 - BotManager - INFO - Synchronizing bots with database...
2026-05-23 17:44:45,609 - BotManager - INFO - Synchronizing bots with database...
2026-05-23 17:45:17,600 - BotManager - INFO - Synchronizing bots with database...
2026-05-23 17:45:49,863 - BotManager - INFO - Synchronizing bots with database...
2026-05-23 17:46:22,190 - BotManager - INFO - Synchronizing bots with database...
2026-05-23 17:46:54,416 - BotManager - INFO - Synchronizing bots with database...
2026-05-23 17:47:26,333 - BotManager - INFO - Synchronizing bots with database...
2026-05-23 17:47:58,600 - BotManager - INFO - Synchronizing bots with database...
2026-05-23 17:48:30,658 - BotManager - INFO - Synchronizing bots with database...
2026-05-23 17:49:02,756 - BotManager - INFO - Synchronizing bots with database...
2026-05-23 17:49:34,655 - BotManager - INFO - Synchronizing bots with database...
2026-05-23 17:50:06,776 - BotManager - INFO - Synchronizing bots with database...
2026-05-23 17:50:39,177 - BotManager - INFO - Synchronizing bots with database...
2026-05-23 17:51:11,765 - BotManager - INFO - Synchronizing bots with database...
2026-05-23 17:51:44,036 - BotManager - INFO - Synchronizing bots with database...
2026-05-23 17:52:16,303 - BotManager - INFO - Synchronizing bots with database...
2026-05-23 17:52:48,611 - BotManager - INFO - Synchronizing bots with database...
2026-05-23 17:53:21,625 - BotManager - INFO - Synchronizing bots with database...
2026-05-23 17:53:53,917 - BotManager - INFO - Synchronizing bots with database...
2026-05-23 17:54:26,176 - BotManager - INFO - Synchronizing bots with database...
2026-05-23 17:54:58,399 - BotManager - INFO - Synchronizing bots with database...
2026-05-23 17:55:30,904 - BotManager - INFO - Synchronizing bots with database...
2026-05-23 17:56:03,173 - BotManager - INFO - Synchronizing bots with database...
2026-05-23 17:56:35,582 - BotManager - INFO - Synchronizing bots with database...
2026-05-23 17:57:07,624 - BotManager - INFO - Synchronizing bots with database...
2026-05-23 17:57:39,516 - BotManager - INFO - Synchronizing bots with database...
2026-05-23 17:58:11,613 - BotManager - INFO - Synchronizing bots with database...
2026-05-23 17:58:43,566 - BotManager - INFO - Synchronizing bots with database...
2026-05-23 17:59:15,410 - BotManager - INFO - Synchronizing bots with database...
2026-05-23 17:59:47,567 - BotManager - INFO - Synchronizing bots with database...
2026-05-23 18:00:19,684 - BotManager - INFO - Synchronizing bots with database...
2026-05-23 18:00:51,783 - BotManager - INFO - Synchronizing bots with database...
2026-05-23 18:01:23,983 - BotManager - INFO - Synchronizing bots with database...
2026-05-23 18:01:56,034 - BotManager - INFO - Synchronizing bots with database...
2026-05-23 18:02:28,334 - BotManager - INFO - Synchronizing bots with database...
2026-05-23 18:03:00,509 - BotManager - INFO - Synchronizing bots with database...
2026-05-23 18:03:33,279 - BotManager - INFO - Synchronizing bots with database...
2026-05-23 18:04:05,789 - BotManager - INFO - Synchronizing bots with database...
2026-05-23 18:04:38,526 - BotManager - INFO - Synchronizing bots with database...
2026-05-23 18:05:11,044 - BotManager - INFO - Synchronizing bots with database...
2026-05-23 18:05:43,002 - BotManager - INFO - Synchronizing bots with database...
2026-05-23 18:06:15,192 - BotManager - INFO - Synchronizing bots with database...
2026-05-23 18:06:47,291 - BotManager - INFO - Synchronizing bots with database...
2026-05-23 18:07:19,598 - BotManager - INFO - Synchronizing bots with database...
2026-05-23 18:07:51,704 - BotManager - INFO - Synchronizing bots with database...
2026-05-23 18:08:25,088 - BotManager - INFO - Synchronizing bots with database...
2026-05-23 18:08:57,395 - BotManager - INFO - Synchronizing bots with database...
2026-05-23 18:09:29,512 - BotManager - INFO - Synchronizing bots with database...
2026-05-23 18:10:01,486 - BotManager - INFO - Synchronizing bots with database...
2026-05-23 18:10:33,749 - BotManager - INFO - Synchronizing bots with database...
2026-05-23 18:11:05,744 - BotManager - INFO - Synchronizing bots with database...
2026-05-23 18:11:37,941 - BotManager - INFO - Synchronizing bots with database...
2026-05-23 18:12:10,450 - BotManager - INFO - Synchronizing bots with database...
2026-05-23 18:12:42,607 - BotManager - INFO - Synchronizing bots with database...
2026-05-23 18:13:14,575 - BotManager - INFO - Synchronizing bots with database...
2026-05-23 18:13:46,749 - BotManager - INFO - Synchronizing bots with database...
2026-05-23 18:14:19,166 - BotManager - INFO - Synchronizing bots with database...
2026-05-23 18:14:51,424 - BotManager - INFO - Synchronizing bots with database...
2026-05-23 18:15:23,524 - BotManager - INFO - Synchronizing bots with database...
2026-05-23 18:15:55,809 - BotManager - INFO - Synchronizing bots with database...
2026-05-23 18:16:28,160 - BotManager - INFO - Synchronizing bots with database...
2026-05-23 18:17:00,547 - BotManager - INFO - Synchronizing bots with database...
2026-05-23 18:17:32,582 - BotManager - INFO - Synchronizing bots with database...
2026-05-23 18:18:05,032 - BotManager - INFO - Synchronizing bots with database...
2026-05-23 18:18:37,275 - BotManager - INFO - Synchronizing bots with database...
2026-05-23 18:19:09,332 - BotManager - INFO - Synchronizing bots with database...
2026-05-23 18:19:41,354 - BotManager - INFO - Synchronizing bots with database...
2026-05-23 18:20:13,388 - BotManager - INFO - Synchronizing bots with database...
2026-05-23 18:20:45,614 - BotManager - INFO - Synchronizing bots with database...
2026-05-23 18:21:17,555 - BotManager - INFO - Synchronizing bots with database...
2026-05-23 18:21:49,481 - BotManager - INFO - Synchronizing bots with database...
2026-05-23 18:22:21,463 - BotManager - INFO - Synchronizing bots with database...
2026-05-23 18:22:53,576 - BotManager - INFO - Synchronizing bots with database...
2026-05-23 18:23:26,094 - BotManager - INFO - Synchronizing bots with database...
2026-05-23 18:23:59,667 - BotManager - INFO - Synchronizing bots with database...
2026-05-23 18:24:31,694 - BotManager - INFO - Synchronizing bots with database...
2026-05-23 18:24:56,088 - BotManager - INFO - Bot 63a8fb0f-0b30-40e1-b1c0-9e85f93c7bc0: DETECTED LEAVE - User 8541312693 from Chat -1002265545793
2026-05-23 18:24:56,428 - BotManager - INFO - Bot 63a8fb0f-0b30-40e1-b1c0-9e85f93c7bc0: Updated record for user 8541312693 as LEAVED. rejoined_at cleared.
2026-05-23 18:25:04,015 - BotManager - INFO - Synchronizing bots with database...
2026-05-23 18:25:36,243 - BotManager - INFO - Synchronizing bots with database...
2026-05-23 18:26:08,316 - BotManager - INFO - Synchronizing bots with database...
2026-05-23 18:26:40,328 - BotManager - INFO - Synchronizing bots with database...
2026-05-23 18:27:12,597 - BotManager - INFO - Synchronizing bots with database...
2026-05-23 18:27:44,759 - BotManager - INFO - Synchronizing bots with database...
2026-05-23 18:28:16,744 - BotManager - INFO - Synchronizing bots with database...
2026-05-23 18:31:27,689 - BotManager - INFO - Synchronizing bots with database...
2026-05-23 18:31:28,116 - telethon.network.connection.connection - WARNING - Server closed the connection: [WinError 1236] The network connection was aborted by the local system
2026-05-23 18:31:28,225 - telethon.network.connection.connection - WARNING - Server closed the connection: [WinError 1236] The network connection was aborted by the local system
2026-05-23 18:31:28,225 - telethon.network.connection.connection - WARNING - Server closed the connection: [WinError 1236] The network connection was aborted by the local system
2026-05-23 18:31:28,225 - telethon.network.connection.connection - WARNING - Server closed the connection: [WinError 1236] The network connection was aborted by the local system
2026-05-23 18:31:28,226 - telethon.network.connection.connection - WARNING - Server closed the connection: [WinError 1236] The network connection was aborted by the local system
2026-05-23 18:31:28,226 - telethon.network.connection.connection - WARNING - Server closed the connection: [WinError 1236] The network connection was aborted by the local system
2026-05-23 18:31:28,244 - telethon.network.connection.connection - WARNING - Server closed the connection: [WinError 1236] The network connection was aborted by the local system
2026-05-23 18:31:28,246 - telethon.network.connection.connection - WARNING - Server closed the connection: [WinError 1236] The network connection was aborted by the local system
2026-05-23 18:31:28,246 - telethon.network.connection.connection - WARNING - Server closed the connection: [WinError 1236] The network connection was aborted by the local system
2026-05-23 18:31:28,247 - telethon.network.connection.connection - WARNING - Server closed the connection: [WinError 1236] The network connection was aborted by the local system
2026-05-23 18:31:28,247 - telethon.network.connection.connection - WARNING - Server closed the connection: [WinError 1236] The network connection was aborted by the local system
2026-05-23 18:31:28,247 - telethon.network.connection.connection - WARNING - Server closed the connection: [WinError 1236] The network connection was aborted by the local system
2026-05-23 18:31:28,248 - telethon.network.connection.connection - WARNING - Server closed the connection: [WinError 1236] The network connection was aborted by the local system
2026-05-23 18:31:28,248 - telethon.network.connection.connection - WARNING - Server closed the connection: [WinError 1236] The network connection was aborted by the local system
2026-05-23 18:31:28,252 - telethon.network.connection.connection - WARNING - Server closed the connection: [WinError 1236] The network connection was aborted by the local system
2026-05-23 18:31:28,301 - realtime._async.client - ERROR - WebSocket connection closed with code: 1006, reason: 
2026-05-23 18:31:28,353 - telethon.network.mtprotosender - WARNING - Attempt 1 at connecting failed: OSError: [WinError 1231] The network location cannot be reached. For information about network troubleshooting, see Windows Help
2026-05-23 18:31:28,354 - telethon.network.mtprotosender - WARNING - Attempt 1 at connecting failed: OSError: [WinError 1231] The network location cannot be reached. For information about network troubleshooting, see Windows Help
2026-05-23 18:31:28,354 - telethon.network.mtprotosender - WARNING - Attempt 1 at connecting failed: OSError: [WinError 1231] The network location cannot be reached. For information about network troubleshooting, see Windows Help
2026-05-23 18:31:28,354 - telethon.network.mtprotosender - WARNING - Attempt 1 at connecting failed: OSError: [WinError 1231] The network location cannot be reached. For information about network troubleshooting, see Windows Help
2026-05-23 18:31:28,354 - telethon.network.mtprotosender - WARNING - Attempt 1 at connecting failed: OSError: [WinError 1231] The network location cannot be reached. For information about network troubleshooting, see Windows Help
2026-05-23 18:31:28,354 - telethon.network.mtprotosender - WARNING - Attempt 1 at connecting failed: OSError: [WinError 1231] The network location cannot be reached. For information about network troubleshooting, see Windows Help
2026-05-23 18:31:28,356 - telethon.network.mtprotosender - WARNING - Attempt 1 at connecting failed: OSError: [WinError 1231] The network location cannot be reached. For information about network troubleshooting, see Windows Help
2026-05-23 18:31:28,357 - telethon.network.mtprotosender - WARNING - Attempt 1 at connecting failed: OSError: [WinError 1231] The network location cannot be reached. For information about network troubleshooting, see Windows Help
2026-05-23 18:31:28,357 - telethon.network.mtprotosender - WARNING - Attempt 1 at connecting failed: OSError: [WinError 1231] The network location cannot be reached. For information about network troubleshooting, see Windows Help
2026-05-23 18:31:28,357 - telethon.network.mtprotosender - WARNING - Attempt 1 at connecting failed: OSError: [WinError 1231] The network location cannot be reached. For information about network troubleshooting, see Windows Help
2026-05-23 18:31:28,358 - telethon.network.mtprotosender - WARNING - Attempt 1 at connecting failed: OSError: [WinError 1231] The network location cannot be reached. For information about network troubleshooting, see Windows Help
2026-05-23 18:31:28,358 - telethon.network.mtprotosender - WARNING - Attempt 1 at connecting failed: OSError: [WinError 1231] The network location cannot be reached. For information about network troubleshooting, see Windows Help
2026-05-23 18:31:28,358 - telethon.network.mtprotosender - WARNING - Attempt 1 at connecting failed: OSError: [WinError 1231] The network location cannot be reached. For information about network troubleshooting, see Windows Help
2026-05-23 18:31:28,358 - telethon.network.mtprotosender - WARNING - Attempt 1 at connecting failed: OSError: [WinError 1231] The network location cannot be reached. For information about network troubleshooting, see Windows Help
2026-05-23 18:31:28,358 - telethon.network.mtprotosender - WARNING - Attempt 1 at connecting failed: OSError: [WinError 1231] The network location cannot be reached. For information about network troubleshooting, see Windows Help
2026-05-23 18:31:28,384 - BotManager - ERROR - Error in synchronization: [Errno 11001] getaddrinfo failed
2026-05-23 18:31:28,388 - realtime._async.client - ERROR - Connection attempt failed: [Errno 11001] getaddrinfo failed
2026-05-23 18:31:29,370 - telethon.network.mtprotosender - WARNING - Attempt 2 at connecting failed: OSError: [WinError 1231] The network location cannot be reached. For information about network troubleshooting, see Windows Help
2026-05-23 18:31:29,371 - telethon.network.mtprotosender - WARNING - Attempt 2 at connecting failed: OSError: [WinError 1231] The network location cannot be reached. For information about network troubleshooting, see Windows Help
2026-05-23 18:31:29,371 - telethon.network.mtprotosender - WARNING - Attempt 2 at connecting failed: OSError: [WinError 1231] The network location cannot be reached. For information about network troubleshooting, see Windows Help
2026-05-23 18:31:29,371 - telethon.network.mtprotosender - WARNING - Attempt 2 at connecting failed: OSError: [WinError 1231] The network location cannot be reached. For information about network troubleshooting, see Windows Help
2026-05-23 18:31:29,372 - telethon.network.mtprotosender - WARNING - Attempt 2 at connecting failed: OSError: [WinError 1231] The network location cannot be reached. For information about network troubleshooting, see Windows Help
2026-05-23 18:31:29,372 - telethon.network.mtprotosender - WARNING - Attempt 2 at connecting failed: OSError: [WinError 1231] The network location cannot be reached. For information about network troubleshooting, see Windows Help
2026-05-23 18:31:29,372 - telethon.network.mtprotosender - WARNING - Attempt 2 at connecting failed: OSError: [WinError 1231] The network location cannot be reached. For information about network troubleshooting, see Windows Help
2026-05-23 18:31:29,372 - telethon.network.mtprotosender - WARNING - Attempt 2 at connecting failed: OSError: [WinError 1231] The network location cannot be reached. For information about network troubleshooting, see Windows Help
2026-05-23 18:31:29,372 - telethon.network.mtprotosender - WARNING - Attempt 2 at connecting failed: OSError: [WinError 1231] The network location cannot be reached. For information about network troubleshooting, see Windows Help
2026-05-23 18:31:29,372 - telethon.network.mtprotosender - WARNING - Attempt 2 at connecting failed: OSError: [WinError 1231] The network location cannot be reached. For information about network troubleshooting, see Windows Help
2026-05-23 18:31:29,373 - telethon.network.mtprotosender - WARNING - Attempt 2 at connecting failed: OSError: [WinError 1231] The network location cannot be reached. For information about network troubleshooting, see Windows Help
2026-05-23 18:31:29,373 - telethon.network.mtprotosender - WARNING - Attempt 2 at connecting failed: OSError: [WinError 1231] The network location cannot be reached. For information about network troubleshooting, see Windows Help
2026-05-23 18:31:29,373 - telethon.network.mtprotosender - WARNING - Attempt 2 at connecting failed: OSError: [WinError 1231] The network location cannot be reached. For information about network troubleshooting, see Windows Help
2026-05-23 18:31:29,376 - telethon.network.mtprotosender - WARNING - Attempt 2 at connecting failed: OSError: [WinError 1231] The network location cannot be reached. For information about network troubleshooting, see Windows Help
2026-05-23 18:31:29,378 - telethon.network.mtprotosender - WARNING - Attempt 2 at connecting failed: OSError: [WinError 1231] The network location cannot be reached. For information about network troubleshooting, see Windows Help
2026-05-23 18:31:29,384 - realtime._async.client - ERROR - Connection attempt failed: [Errno 11001] getaddrinfo failed
2026-05-23 18:31:30,389 - telethon.network.mtprotosender - WARNING - Attempt 3 at connecting failed: OSError: [WinError 1231] The network location cannot be reached. For information about network troubleshooting, see Windows Help
2026-05-23 18:31:30,391 - telethon.network.mtprotosender - WARNING - Attempt 3 at connecting failed: OSError: [WinError 1231] The network location cannot be reached. For information about network troubleshooting, see Windows Help
2026-05-23 18:31:30,393 - telethon.network.mtprotosender - WARNING - Attempt 3 at connecting failed: OSError: [WinError 1231] The network location cannot be reached. For information about network troubleshooting, see Windows Help
2026-05-23 18:31:30,393 - telethon.network.mtprotosender - WARNING - Attempt 3 at connecting failed: OSError: [WinError 1231] The network location cannot be reached. For information about network troubleshooting, see Windows Help
2026-05-23 18:31:30,393 - telethon.network.mtprotosender - WARNING - Attempt 3 at connecting failed: OSError: [WinError 1231] The network location cannot be reached. For information about network troubleshooting, see Windows Help
2026-05-23 18:31:30,393 - telethon.network.mtprotosender - WARNING - Attempt 3 at connecting failed: OSError: [WinError 1231] The network location cannot be reached. For information about network troubleshooting, see Windows Help
2026-05-23 18:31:30,394 - telethon.network.mtprotosender - WARNING - Attempt 3 at connecting failed: OSError: [WinError 1231] The network location cannot be reached. For information about network troubleshooting, see Windows Help
2026-05-23 18:31:30,395 - telethon.network.mtprotosender - WARNING - Attempt 3 at connecting failed: OSError: [WinError 1231] The network location cannot be reached. For information about network troubleshooting, see Windows Help
2026-05-23 18:31:30,396 - telethon.network.mtprotosender - WARNING - Attempt 3 at connecting failed: OSError: [WinError 1231] The network location cannot be reached. For information about network troubleshooting, see Windows Help
2026-05-23 18:31:30,396 - telethon.network.mtprotosender - WARNING - Attempt 3 at connecting failed: OSError: [WinError 1231] The network location cannot be reached. For information about network troubleshooting, see Windows Help
2026-05-23 18:31:30,397 - telethon.network.mtprotosender - WARNING - Attempt 3 at connecting failed: OSError: [WinError 1231] The network location cannot be reached. For information about network troubleshooting, see Windows Help
2026-05-23 18:31:30,397 - telethon.network.mtprotosender - WARNING - Attempt 3 at connecting failed: OSError: [WinError 1231] The network location cannot be reached. For information about network troubleshooting, see Windows Help
2026-05-23 18:31:30,397 - telethon.network.mtprotosender - WARNING - Attempt 3 at connecting failed: OSError: [WinError 1231] The network location cannot be reached. For information about network troubleshooting, see Windows Help
2026-05-23 18:31:30,398 - telethon.network.mtprotosender - WARNING - Attempt 3 at connecting failed: OSError: [WinError 1231] The network location cannot be reached. For information about network troubleshooting, see Windows Help
2026-05-23 18:31:30,399 - telethon.network.mtprotosender - WARNING - Attempt 3 at connecting failed: OSError: [WinError 1231] The network location cannot be reached. For information about network troubleshooting, see Windows Help
2026-05-23 18:31:31,395 - telethon.network.mtprotosender - WARNING - Attempt 4 at connecting failed: OSError: [WinError 1231] The network location cannot be reached. For information about network troubleshooting, see Windows Help
2026-05-23 18:31:31,396 - telethon.network.mtprotosender - WARNING - Attempt 4 at connecting failed: OSError: [WinError 1231] The network location cannot be reached. For information about network troubleshooting, see Windows Help
2026-05-23 18:31:31,396 - telethon.network.mtprotosender - WARNING - Attempt 4 at connecting failed: OSError: [WinError 1231] The network location cannot be reached. For information about network troubleshooting, see Windows Help
2026-05-23 18:31:31,396 - telethon.network.mtprotosender - WARNING - Attempt 4 at connecting failed: OSError: [WinError 1231] The network location cannot be reached. For information about network troubleshooting, see Windows Help
2026-05-23 18:31:31,396 - telethon.network.mtprotosender - WARNING - Attempt 4 at connecting failed: OSError: [WinError 1231] The network location cannot be reached. For information about network troubleshooting, see Windows Help
2026-05-23 18:31:31,396 - telethon.network.mtprotosender - WARNING - Attempt 4 at connecting failed: OSError: [WinError 1231] The network location cannot be reached. For information about network troubleshooting, see Windows Help
2026-05-23 18:31:31,397 - telethon.network.mtprotosender - WARNING - Attempt 4 at connecting failed: OSError: [WinError 1231] The network location cannot be reached. For information about network troubleshooting, see Windows Help
2026-05-23 18:31:31,398 - telethon.network.mtprotosender - WARNING - Attempt 4 at connecting failed: OSError: [WinError 1231] The network location cannot be reached. For information about network troubleshooting, see Windows Help
2026-05-23 18:31:31,398 - telethon.network.mtprotosender - WARNING - Attempt 4 at connecting failed: OSError: [WinError 1231] The network location cannot be reached. For information about network troubleshooting, see Windows Help
2026-05-23 18:31:31,398 - telethon.network.mtprotosender - WARNING - Attempt 4 at connecting failed: OSError: [WinError 1231] The network location cannot be reached. For information about network troubleshooting, see Windows Help
2026-05-23 18:31:31,398 - telethon.network.mtprotosender - WARNING - Attempt 4 at connecting failed: OSError: [WinError 1231] The network location cannot be reached. For information about network troubleshooting, see Windows Help
2026-05-23 18:31:31,398 - telethon.network.mtprotosender - WARNING - Attempt 4 at connecting failed: OSError: [WinError 1231] The network location cannot be reached. For information about network troubleshooting, see Windows Help
2026-05-23 18:31:31,398 - telethon.network.mtprotosender - WARNING - Attempt 4 at connecting failed: OSError: [WinError 1231] The network location cannot be reached. For information about network troubleshooting, see Windows Help
2026-05-23 18:31:31,398 - telethon.network.mtprotosender - WARNING - Attempt 4 at connecting failed: OSError: [WinError 1231] The network location cannot be reached. For information about network troubleshooting, see Windows Help
2026-05-23 18:31:31,399 - telethon.network.mtprotosender - WARNING - Attempt 4 at connecting failed: OSError: [WinError 1231] The network location cannot be reached. For information about network troubleshooting, see Windows Help
2026-05-23 18:31:31,399 - realtime._async.client - ERROR - Connection attempt failed: [Errno 11001] getaddrinfo failed
2026-05-23 22:28:33,969 - BotManager - INFO - Synchronizing bots with database...
2026-05-23 22:28:34,042 - telethon.network.mtprotosender - WARNING - Attempt 5 at connecting failed: OSError: [WinError 1232] The network location cannot be reached. For information about network troubleshooting, see Windows Help
2026-05-23 22:28:34,050 - telethon.network.mtprotosender - WARNING - Attempt 5 at connecting failed: OSError: [WinError 1232] The network location cannot be reached. For information about network troubleshooting, see Windows Help
2026-05-23 22:28:34,052 - telethon.network.mtprotosender - WARNING - Attempt 5 at connecting failed: OSError: [WinError 1232] The network location cannot be reached. For information about network troubleshooting, see Windows Help
2026-05-23 22:28:34,053 - telethon.network.mtprotosender - WARNING - Attempt 5 at connecting failed: OSError: [WinError 1232] The network location cannot be reached. For information about network troubleshooting, see Windows Help
2026-05-23 22:28:34,053 - telethon.network.mtprotosender - WARNING - Attempt 5 at connecting failed: OSError: [WinError 1232] The network location cannot be reached. For information about network troubleshooting, see Windows Help
2026-05-23 22:28:34,053 - telethon.network.mtprotosender - WARNING - Attempt 5 at connecting failed: OSError: [WinError 1232] The network location cannot be reached. For information about network troubleshooting, see Windows Help
2026-05-23 22:28:34,053 - telethon.network.mtprotosender - WARNING - Attempt 5 at connecting failed: OSError: [WinError 1232] The network location cannot be reached. For information about network troubleshooting, see Windows Help
2026-05-23 22:28:34,055 - telethon.network.mtprotosender - WARNING - Attempt 5 at connecting failed: OSError: [WinError 1232] The network location cannot be reached. For information about network troubleshooting, see Windows Help
2026-05-23 22:28:34,056 - telethon.network.mtprotosender - WARNING - Attempt 5 at connecting failed: OSError: [WinError 1232] The network location cannot be reached. For information about network troubleshooting, see Windows Help
2026-05-23 22:28:34,057 - telethon.network.mtprotosender - WARNING - Attempt 5 at connecting failed: OSError: [WinError 1232] The network location cannot be reached. For information about network troubleshooting, see Windows Help
2026-05-23 22:28:34,062 - telethon.network.mtprotosender - WARNING - Attempt 5 at connecting failed: OSError: [WinError 1232] The network location cannot be reached. For information about network troubleshooting, see Windows Help
2026-05-23 22:28:34,062 - telethon.network.mtprotosender - WARNING - Attempt 5 at connecting failed: OSError: [WinError 1232] The network location cannot be reached. For information about network troubleshooting, see Windows Help
2026-05-23 22:28:34,064 - telethon.network.mtprotosender - WARNING - Attempt 5 at connecting failed: OSError: [WinError 1232] The network location cannot be reached. For information about network troubleshooting, see Windows Help
2026-05-23 22:28:34,064 - telethon.network.mtprotosender - WARNING - Attempt 5 at connecting failed: OSError: [WinError 1232] The network location cannot be reached. For information about network troubleshooting, see Windows Help
2026-05-23 22:28:34,064 - telethon.network.mtprotosender - WARNING - Attempt 5 at connecting failed: OSError: [WinError 1232] The network location cannot be reached. For information about network troubleshooting, see Windows Help
2026-05-23 22:28:34,065 - realtime._async.client - ERROR - Connection attempt failed: [Errno 11001] getaddrinfo failed
2026-05-23 22:28:34,066 - BotManager - ERROR - Error in synchronization: [Errno 11001] getaddrinfo failed
2026-05-23 22:28:34,104 - BotManager - ERROR - Bot d1d905aa-c338-40d6-9cc2-e4b452f374b9: Error in resend_reminders loop: [Errno 11001] getaddrinfo failed
2026-05-23 22:28:34,113 - BotManager - ERROR - Bot 6dc0ad74-df4f-4494-bafa-814999a65ca8: Error in resend_reminders loop: [Errno 11001] getaddrinfo failed
2026-05-23 22:28:34,118 - BotManager - ERROR - Bot 5e27ec16-8975-47e9-aff4-9012a6679125: Error in resend_reminders loop: [Errno 11001] getaddrinfo failed
2026-05-23 22:28:34,462 - BotManager - ERROR - Bot 63a8fb0f-0b30-40e1-b1c0-9e85f93c7bc0: Error in resend_reminders loop: [Errno 11001] getaddrinfo failed
2026-05-23 22:28:34,468 - BotManager - ERROR - Bot 2d250812-83d4-4101-9a49-68ccd475b78c: Error in resend_reminders loop: [Errno 11001] getaddrinfo failed
2026-05-23 22:28:34,470 - BotManager - ERROR - Bot 784e2269-9257-4a14-a229-a62682a4484e: Error in resend_reminders loop: [Errno 11001] getaddrinfo failed
2026-05-23 22:28:34,472 - BotManager - ERROR - Bot ff7aa6f9-db8f-4eec-bfd2-1398db58380f: Error in resend_reminders loop: [Errno 11001] getaddrinfo failed
2026-05-23 22:28:34,494 - BotManager - ERROR - Bot 7b014d5b-a0fe-464c-bced-d3693cfe2a3a: Error in resend_reminders loop: [Errno 11001] getaddrinfo failed
2026-05-23 22:28:34,498 - BotManager - ERROR - Bot 5542fc01-651b-4db9-ac26-0f56ac329ef9: Error in resend_reminders loop: [Errno 11001] getaddrinfo failed
2026-05-23 22:28:34,504 - BotManager - ERROR - Bot 8d794bd1-6e6f-4ba3-8d76-5be83bd9bbc3: Error in resend_reminders loop: [Errno 11001] getaddrinfo failed
2026-05-23 22:28:34,506 - BotManager - ERROR - Bot 9cae20d8-0893-440a-9084-52d2689c7c9e: Error in resend_reminders loop: [Errno 11001] getaddrinfo failed
2026-05-23 22:28:34,509 - BotManager - ERROR - Bot 80b3cc75-40e6-469f-85b0-dcf2f00b3565: Error in resend_reminders loop: [Errno 11001] getaddrinfo failed
2026-05-23 22:28:35,047 - telethon.network.mtprotosender - WARNING - Attempt 6 at connecting failed: OSError: [WinError 1232] The network location cannot be reached. For information about network troubleshooting, see Windows Help
2026-05-23 22:28:35,087 - telethon.network.mtprotosender - WARNING - Attempt 6 at connecting failed: OSError: [WinError 1232] The network location cannot be reached. For information about network troubleshooting, see Windows Help
2026-05-23 22:28:35,087 - telethon.network.mtprotosender - WARNING - Attempt 6 at connecting failed: OSError: [WinError 1232] The network location cannot be reached. For information about network troubleshooting, see Windows Help
2026-05-23 22:28:35,089 - telethon.network.mtprotosender - WARNING - Attempt 6 at connecting failed: OSError: [WinError 1232] The network location cannot be reached. For information about network troubleshooting, see Windows Help
2026-05-23 22:28:35,089 - telethon.network.mtprotosender - WARNING - Attempt 6 at connecting failed: OSError: [WinError 1232] The network location cannot be reached. For information about network troubleshooting, see Windows Help
2026-05-23 22:28:35,089 - telethon.network.mtprotosender - WARNING - Attempt 6 at connecting failed: OSError: [WinError 1232] The network location cannot be reached. For information about network troubleshooting, see Windows Help
2026-05-23 22:28:35,091 - telethon.network.mtprotosender - WARNING - Attempt 6 at connecting failed: OSError: [WinError 1232] The network location cannot be reached. For information about network troubleshooting, see Windows Help
2026-05-23 22:28:35,091 - telethon.network.mtprotosender - WARNING - Attempt 6 at connecting failed: OSError: [WinError 1232] The network location cannot be reached. For information about network troubleshooting, see Windows Help
2026-05-23 22:28:35,091 - telethon.network.mtprotosender - WARNING - Attempt 6 at connecting failed: OSError: [WinError 1232] The network location cannot be reached. For information about network troubleshooting, see Windows Help
2026-05-23 22:28:35,094 - telethon.network.mtprotosender - WARNING - Attempt 6 at connecting failed: OSError: [WinError 1232] The network location cannot be reached. For information about network troubleshooting, see Windows Help
2026-05-23 22:28:35,095 - telethon.network.mtprotosender - WARNING - Attempt 6 at connecting failed: OSError: [WinError 1232] The network location cannot be reached. For information about network troubleshooting, see Windows Help
2026-05-23 22:28:35,095 - telethon.network.mtprotosender - WARNING - Attempt 6 at connecting failed: OSError: [WinError 1232] The network location cannot be reached. For information about network troubleshooting, see Windows Help
2026-05-23 22:28:35,095 - telethon.network.mtprotosender - WARNING - Attempt 6 at connecting failed: OSError: [WinError 1232] The network location cannot be reached. For information about network troubleshooting, see Windows Help
2026-05-23 22:28:35,097 - telethon.network.mtprotosender - WARNING - Attempt 6 at connecting failed: OSError: [WinError 1232] The network location cannot be reached. For information about network troubleshooting, see Windows Help
2026-05-23 22:28:35,097 - telethon.network.mtprotosender - WARNING - Attempt 6 at connecting failed: OSError: [WinError 1232] The network location cannot be reached. For information about network troubleshooting, see Windows Help
2026-05-23 22:28:37,193 - telethon.network.mtprotosender - WARNING - Attempt 1 at connecting failed: OSError: [WinError 1231] The network location cannot be reached. For information about network troubleshooting, see Windows Help
2026-05-23 22:28:37,193 - telethon.network.mtprotosender - WARNING - Attempt 1 at connecting failed: OSError: [WinError 1231] The network location cannot be reached. For information about network troubleshooting, see Windows Help
2026-05-23 22:28:37,195 - telethon.network.mtprotosender - WARNING - Attempt 1 at connecting failed: OSError: [WinError 1231] The network location cannot be reached. For information about network troubleshooting, see Windows Help
2026-05-23 22:28:37,195 - telethon.network.mtprotosender - WARNING - Attempt 1 at connecting failed: OSError: [WinError 1231] The network location cannot be reached. For information about network troubleshooting, see Windows Help
2026-05-23 22:28:37,195 - telethon.network.mtprotosender - WARNING - Attempt 1 at connecting failed: OSError: [WinError 1231] The network location cannot be reached. For information about network troubleshooting, see Windows Help
2026-05-23 22:28:37,195 - telethon.network.mtprotosender - WARNING - Attempt 1 at connecting failed: OSError: [WinError 1231] The network location cannot be reached. For information about network troubleshooting, see Windows Help
2026-05-23 22:28:37,199 - telethon.network.mtprotosender - WARNING - Attempt 1 at connecting failed: OSError: [WinError 1231] The network location cannot be reached. For information about network troubleshooting, see Windows Help
2026-05-23 22:28:37,199 - telethon.network.mtprotosender - WARNING - Attempt 1 at connecting failed: OSError: [WinError 1231] The network location cannot be reached. For information about network troubleshooting, see Windows Help
2026-05-23 22:28:37,199 - telethon.network.mtprotosender - WARNING - Attempt 1 at connecting failed: OSError: [WinError 1231] The network location cannot be reached. For information about network troubleshooting, see Windows Help
2026-05-23 22:28:37,199 - telethon.network.mtprotosender - WARNING - Attempt 1 at connecting failed: OSError: [WinError 1231] The network location cannot be reached. For information about network troubleshooting, see Windows Help
2026-05-23 22:28:37,199 - telethon.network.mtprotosender - WARNING - Attempt 1 at connecting failed: OSError: [WinError 1231] The network location cannot be reached. For information about network troubleshooting, see Windows Help
2026-05-23 22:28:37,199 - telethon.network.mtprotosender - WARNING - Attempt 1 at connecting failed: OSError: [WinError 1231] The network location cannot be reached. For information about network troubleshooting, see Windows Help
2026-05-23 22:28:37,201 - telethon.network.mtprotosender - WARNING - Attempt 1 at connecting failed: OSError: [WinError 1231] The network location cannot be reached. For information about network troubleshooting, see Windows Help
2026-05-23 22:28:37,212 - telethon.network.mtprotosender - WARNING - Attempt 1 at connecting failed: OSError: [WinError 1231] The network location cannot be reached. For information about network troubleshooting, see Windows Help
2026-05-23 22:28:37,215 - telethon.network.mtprotosender - WARNING - Attempt 1 at connecting failed: OSError: [WinError 1231] The network location cannot be reached. For information about network troubleshooting, see Windows Help
2026-05-23 22:28:38,210 - telethon.network.mtprotosender - WARNING - Attempt 2 at connecting failed: OSError: [WinError 1231] The network location cannot be reached. For information about network troubleshooting, see Windows Help
2026-05-23 22:28:38,212 - telethon.network.mtprotosender - WARNING - Attempt 2 at connecting failed: OSError: [WinError 1231] The network location cannot be reached. For information about network troubleshooting, see Windows Help
2026-05-23 22:28:38,212 - telethon.network.mtprotosender - WARNING - Attempt 2 at connecting failed: OSError: [WinError 1231] The network location cannot be reached. For information about network troubleshooting, see Windows Help
2026-05-23 22:28:38,213 - telethon.network.mtprotosender - WARNING - Attempt 2 at connecting failed: OSError: [WinError 1231] The network location cannot be reached. For information about network troubleshooting, see Windows Help
2026-05-23 22:28:38,213 - telethon.network.mtprotosender - WARNING - Attempt 2 at connecting failed: OSError: [WinError 1231] The network location cannot be reached. For information about network troubleshooting, see Windows Help
2026-05-23 22:28:38,213 - telethon.network.mtprotosender - WARNING - Attempt 2 at connecting failed: OSError: [WinError 1231] The network location cannot be reached. For information about network troubleshooting, see Windows Help
2026-05-23 22:28:38,213 - telethon.network.mtprotosender - WARNING - Attempt 2 at connecting failed: OSError: [WinError 1231] The network location cannot be reached. For information about network troubleshooting, see Windows Help
2026-05-23 22:28:38,213 - telethon.network.mtprotosender - WARNING - Attempt 2 at connecting failed: OSError: [WinError 1231] The network location cannot be reached. For information about network troubleshooting, see Windows Help
2026-05-23 22:28:38,215 - telethon.network.mtprotosender - WARNING - Attempt 2 at connecting failed: OSError: [WinError 1231] The network location cannot be reached. For information about network troubleshooting, see Windows Help
2026-05-23 22:28:38,217 - telethon.network.mtprotosender - WARNING - Attempt 2 at connecting failed: OSError: [WinError 1231] The network location cannot be reached. For information about network troubleshooting, see Windows Help
2026-05-23 22:28:38,217 - telethon.network.mtprotosender - WARNING - Attempt 2 at connecting failed: OSError: [WinError 1231] The network location cannot be reached. For information about network troubleshooting, see Windows Help
2026-05-23 22:28:38,217 - telethon.network.mtprotosender - WARNING - Attempt 2 at connecting failed: OSError: [WinError 1231] The network location cannot be reached. For information about network troubleshooting, see Windows Help
2026-05-23 22:28:38,217 - telethon.network.mtprotosender - WARNING - Attempt 2 at connecting failed: OSError: [WinError 1231] The network location cannot be reached. For information about network troubleshooting, see Windows Help
2026-05-23 22:28:38,219 - telethon.network.mtprotosender - WARNING - Attempt 2 at connecting failed: OSError: [WinError 1231] The network location cannot be reached. For information about network troubleshooting, see Windows Help
2026-05-23 22:28:38,219 - telethon.network.mtprotosender - WARNING - Attempt 2 at connecting failed: OSError: [WinError 1231] The network location cannot be reached. For information about network troubleshooting, see Windows Help
2026-05-23 22:28:39,222 - telethon.network.mtprotosender - WARNING - Attempt 3 at connecting failed: OSError: [WinError 1231] The network location cannot be reached. For information about network troubleshooting, see Windows Help
2026-05-23 22:28:39,223 - telethon.network.mtprotosender - WARNING - Attempt 3 at connecting failed: OSError: [WinError 1231] The network location cannot be reached. For information about network troubleshooting, see Windows Help
2026-05-23 22:28:39,223 - telethon.network.mtprotosender - WARNING - Attempt 3 at connecting failed: OSError: [WinError 1231] The network location cannot be reached. For information about network troubleshooting, see Windows Help
2026-05-23 22:28:39,224 - telethon.network.mtprotosender - WARNING - Attempt 3 at connecting failed: OSError: [WinError 1231] The network location cannot be reached. For information about network troubleshooting, see Windows Help
2026-05-23 22:28:39,224 - telethon.network.mtprotosender - WARNING - Attempt 3 at connecting failed: OSError: [WinError 1231] The network location cannot be reached. For information about network troubleshooting, see Windows Help
2026-05-23 22:28:39,224 - telethon.network.mtprotosender - WARNING - Attempt 3 at connecting failed: OSError: [WinError 1231] The network location cannot be reached. For information about network troubleshooting, see Windows Help
2026-05-23 22:28:39,224 - telethon.network.mtprotosender - WARNING - Attempt 3 at connecting failed: OSError: [WinError 1231] The network location cannot be reached. For information about network troubleshooting, see Windows Help
2026-05-23 22:28:39,224 - telethon.network.mtprotosender - WARNING - Attempt 3 at connecting failed: OSError: [WinError 1231] The network location cannot be reached. For information about network troubleshooting, see Windows Help
2026-05-23 22:28:39,224 - telethon.network.mtprotosender - WARNING - Attempt 3 at connecting failed: OSError: [WinError 1231] The network location cannot be reached. For information about network troubleshooting, see Windows Help
2026-05-23 22:28:39,225 - telethon.network.mtprotosender - WARNING - Attempt 3 at connecting failed: OSError: [WinError 1231] The network location cannot be reached. For information about network troubleshooting, see Windows Help
2026-05-23 22:28:39,225 - telethon.network.mtprotosender - WARNING - Attempt 3 at connecting failed: OSError: [WinError 1231] The network location cannot be reached. For information about network troubleshooting, see Windows Help
2026-05-23 22:28:39,225 - telethon.network.mtprotosender - WARNING - Attempt 3 at connecting failed: OSError: [WinError 1231] The network location cannot be reached. For information about network troubleshooting, see Windows Help
2026-05-23 22:28:39,225 - telethon.network.mtprotosender - WARNING - Attempt 3 at connecting failed: OSError: [WinError 1231] The network location cannot be reached. For information about network troubleshooting, see Windows Help
2026-05-23 22:28:39,225 - telethon.network.mtprotosender - WARNING - Attempt 3 at connecting failed: OSError: [WinError 1231] The network location cannot be reached. For information about network troubleshooting, see Windows Help
2026-05-23 22:28:39,226 - telethon.network.mtprotosender - WARNING - Attempt 3 at connecting failed: OSError: [WinError 1231] The network location cannot be reached. For information about network troubleshooting, see Windows Help
2026-05-23 22:28:40,243 - telethon.network.mtprotosender - WARNING - Attempt 4 at connecting failed: OSError: [WinError 1231] The network location cannot be reached. For information about network troubleshooting, see Windows Help
2026-05-23 22:28:40,246 - telethon.network.mtprotosender - WARNING - Attempt 4 at connecting failed: OSError: [WinError 1231] The network location cannot be reached. For information about network troubleshooting, see Windows Help
2026-05-23 22:28:40,248 - telethon.network.mtprotosender - WARNING - Attempt 4 at connecting failed: OSError: [WinError 1231] The network location cannot be reached. For information about network troubleshooting, see Windows Help
2026-05-23 22:28:40,248 - telethon.network.mtprotosender - WARNING - Attempt 4 at connecting failed: OSError: [WinError 1231] The network location cannot be reached. For information about network troubleshooting, see Windows Help
2026-05-23 22:28:40,248 - telethon.network.mtprotosender - WARNING - Attempt 4 at connecting failed: OSError: [WinError 1231] The network location cannot be reached. For information about network troubleshooting, see Windows Help
2026-05-23 22:28:40,248 - telethon.network.mtprotosender - WARNING - Attempt 4 at connecting failed: OSError: [WinError 1231] The network location cannot be reached. For information about network troubleshooting, see Windows Help
2026-05-23 22:28:40,248 - telethon.network.mtprotosender - WARNING - Attempt 4 at connecting failed: OSError: [WinError 1231] The network location cannot be reached. For information about network troubleshooting, see Windows Help
2026-05-23 22:28:40,250 - telethon.network.mtprotosender - WARNING - Attempt 4 at connecting failed: OSError: [WinError 1231] The network location cannot be reached. For information about network troubleshooting, see Windows Help
2026-05-23 22:28:40,250 - telethon.network.mtprotosender - WARNING - Attempt 4 at connecting failed: OSError: [WinError 1231] The network location cannot be reached. For information about network troubleshooting, see Windows Help
2026-05-23 22:28:40,252 - telethon.network.mtprotosender - WARNING - Attempt 4 at connecting failed: OSError: [WinError 1231] The network location cannot be reached. For information about network troubleshooting, see Windows Help
2026-05-23 22:28:40,252 - telethon.network.mtprotosender - WARNING - Attempt 4 at connecting failed: OSError: [WinError 1231] The network location cannot be reached. For information about network troubleshooting, see Windows Help
2026-05-23 22:28:40,252 - telethon.network.mtprotosender - WARNING - Attempt 4 at connecting failed: OSError: [WinError 1231] The network location cannot be reached. For information about network troubleshooting, see Windows Help
2026-05-23 22:28:40,252 - telethon.network.mtprotosender - WARNING - Attempt 4 at connecting failed: OSError: [WinError 1231] The network location cannot be reached. For information about network troubleshooting, see Windows Help
2026-05-23 22:28:40,252 - telethon.network.mtprotosender - WARNING - Attempt 4 at connecting failed: OSError: [WinError 1231] The network location cannot be reached. For information about network troubleshooting, see Windows Help
2026-05-23 22:28:40,252 - telethon.network.mtprotosender - WARNING - Attempt 4 at connecting failed: OSError: [WinError 1231] The network location cannot be reached. For information about network troubleshooting, see Windows Help
2026-05-23 22:28:41,254 - telethon.network.mtprotosender - WARNING - Attempt 5 at connecting failed: OSError: [WinError 1231] The network location cannot be reached. For information about network troubleshooting, see Windows Help
2026-05-23 22:28:41,256 - telethon.network.mtprotosender - WARNING - Attempt 5 at connecting failed: OSError: [WinError 1231] The network location cannot be reached. For information about network troubleshooting, see Windows Help
2026-05-23 22:28:41,256 - telethon.network.mtprotosender - WARNING - Attempt 5 at connecting failed: OSError: [WinError 1231] The network location cannot be reached. For information about network troubleshooting, see Windows Help
2026-05-23 22:28:41,256 - telethon.network.mtprotosender - WARNING - Attempt 5 at connecting failed: OSError: [WinError 1231] The network location cannot be reached. For information about network troubleshooting, see Windows Help
2026-05-23 22:28:41,256 - telethon.network.mtprotosender - WARNING - Attempt 5 at connecting failed: OSError: [WinError 1231] The network location cannot be reached. For information about network troubleshooting, see Windows Help
2026-05-23 22:28:41,256 - telethon.network.mtprotosender - WARNING - Attempt 5 at connecting failed: OSError: [WinError 1231] The network location cannot be reached. For information about network troubleshooting, see Windows Help
2026-05-23 22:28:41,257 - telethon.network.mtprotosender - WARNING - Attempt 5 at connecting failed: OSError: [WinError 1231] The network location cannot be reached. For information about network troubleshooting, see Windows Help
2026-05-23 22:28:41,257 - telethon.network.mtprotosender - WARNING - Attempt 5 at connecting failed: OSError: [WinError 1231] The network location cannot be reached. For information about network troubleshooting, see Windows Help
2026-05-23 22:28:41,257 - telethon.network.mtprotosender - WARNING - Attempt 5 at connecting failed: OSError: [WinError 1231] The network location cannot be reached. For information about network troubleshooting, see Windows Help
2026-05-23 22:28:41,257 - telethon.network.mtprotosender - WARNING - Attempt 5 at connecting failed: OSError: [WinError 1231] The network location cannot be reached. For information about network troubleshooting, see Windows Help
2026-05-23 22:28:41,257 - telethon.network.mtprotosender - WARNING - Attempt 5 at connecting failed: OSError: [WinError 1231] The network location cannot be reached. For information about network troubleshooting, see Windows Help
2026-05-23 22:28:41,257 - telethon.network.mtprotosender - WARNING - Attempt 5 at connecting failed: OSError: [WinError 1231] The network location cannot be reached. For information about network troubleshooting, see Windows Help
2026-05-23 22:28:41,257 - telethon.network.mtprotosender - WARNING - Attempt 5 at connecting failed: OSError: [WinError 1231] The network location cannot be reached. For information about network troubleshooting, see Windows Help
2026-05-23 22:28:41,257 - telethon.network.mtprotosender - WARNING - Attempt 5 at connecting failed: OSError: [WinError 1231] The network location cannot be reached. For information about network troubleshooting, see Windows Help
2026-05-23 22:28:41,257 - telethon.network.mtprotosender - WARNING - Attempt 5 at connecting failed: OSError: [WinError 1231] The network location cannot be reached. For information about network troubleshooting, see Windows Help
2026-05-23 22:28:42,082 - realtime._async.client - ERROR - Connection attempt failed: [Errno 11001] getaddrinfo failed
2026-05-23 22:28:42,083 - realtime._async.client - ERROR - Connection failed permanently after 5 attempts. Error: [Errno 11001] getaddrinfo failed
2026-05-23 22:28:42,269 - telethon.network.mtprotosender - WARNING - Attempt 6 at connecting failed: OSError: [WinError 1231] The network location cannot be reached. For information about network troubleshooting, see Windows Help
2026-05-23 22:28:42,274 - telethon.network.mtprotosender - WARNING - Attempt 6 at connecting failed: OSError: [WinError 1231] The network location cannot be reached. For information about network troubleshooting, see Windows Help
2026-05-23 22:28:42,274 - telethon.network.mtprotosender - WARNING - Attempt 6 at connecting failed: OSError: [WinError 1231] The network location cannot be reached. For information about network troubleshooting, see Windows Help
2026-05-23 22:28:42,274 - telethon.network.mtprotosender - WARNING - Attempt 6 at connecting failed: OSError: [WinError 1231] The network location cannot be reached. For information about network troubleshooting, see Windows Help
2026-05-23 22:28:42,274 - telethon.network.mtprotosender - WARNING - Attempt 6 at connecting failed: OSError: [WinError 1231] The network location cannot be reached. For information about network troubleshooting, see Windows Help
2026-05-23 22:28:42,274 - telethon.network.mtprotosender - WARNING - Attempt 6 at connecting failed: OSError: [WinError 1231] The network location cannot be reached. For information about network troubleshooting, see Windows Help
2026-05-23 22:28:42,274 - telethon.network.mtprotosender - WARNING - Attempt 6 at connecting failed: OSError: [WinError 1231] The network location cannot be reached. For information about network troubleshooting, see Windows Help
2026-05-23 22:28:42,275 - telethon.network.mtprotosender - WARNING - Attempt 6 at connecting failed: OSError: [WinError 1231] The network location cannot be reached. For information about network troubleshooting, see Windows Help
2026-05-23 22:28:42,275 - telethon.network.mtprotosender - WARNING - Attempt 6 at connecting failed: OSError: [WinError 1231] The network location cannot be reached. For information about network troubleshooting, see Windows Help
2026-05-23 22:28:42,275 - telethon.network.mtprotosender - WARNING - Attempt 6 at connecting failed: OSError: [WinError 1231] The network location cannot be reached. For information about network troubleshooting, see Windows Help
2026-05-23 22:28:42,276 - telethon.network.mtprotosender - WARNING - Attempt 6 at connecting failed: OSError: [WinError 1231] The network location cannot be reached. For information about network troubleshooting, see Windows Help
2026-05-23 22:28:42,276 - telethon.network.mtprotosender - WARNING - Attempt 6 at connecting failed: OSError: [WinError 1231] The network location cannot be reached. For information about network troubleshooting, see Windows Help
2026-05-23 22:28:42,276 - telethon.network.mtprotosender - WARNING - Attempt 6 at connecting failed: OSError: [WinError 1231] The network location cannot be reached. For information about network troubleshooting, see Windows Help
2026-05-23 22:28:42,276 - telethon.network.mtprotosender - WARNING - Attempt 6 at connecting failed: OSError: [WinError 1231] The network location cannot be reached. For information about network troubleshooting, see Windows Help
2026-05-23 22:28:42,276 - telethon.network.mtprotosender - WARNING - Attempt 6 at connecting failed: OSError: [WinError 1231] The network location cannot be reached. For information about network troubleshooting, see Windows Help
2026-05-23 22:28:44,297 - telethon.network.mtprotosender - WARNING - Attempt 1 at connecting failed: OSError: [WinError 1231] The network location cannot be reached. For information about network troubleshooting, see Windows Help
2026-05-23 22:28:44,300 - telethon.network.mtprotosender - WARNING - Attempt 1 at connecting failed: OSError: [WinError 1231] The network location cannot be reached. For information about network troubleshooting, see Windows Help
2026-05-23 22:28:44,300 - telethon.network.mtprotosender - WARNING - Attempt 1 at connecting failed: OSError: [WinError 1231] The network location cannot be reached. For information about network troubleshooting, see Windows Help
2026-05-23 22:28:44,300 - telethon.network.mtprotosender - WARNING - Attempt 1 at connecting failed: OSError: [WinError 1231] The network location cannot be reached. For information about network troubleshooting, see Windows Help
2026-05-23 22:28:44,300 - telethon.network.mtprotosender - WARNING - Attempt 1 at connecting failed: OSError: [WinError 1231] The network location cannot be reached. For information about network troubleshooting, see Windows Help
2026-05-23 22:28:44,300 - telethon.network.mtprotosender - WARNING - Attempt 1 at connecting failed: OSError: [WinError 1231] The network location cannot be reached. For information about network troubleshooting, see Windows Help
2026-05-23 22:28:44,300 - telethon.network.mtprotosender - WARNING - Attempt 1 at connecting failed: OSError: [WinError 1231] The network location cannot be reached. For information about network troubleshooting, see Windows Help
2026-05-23 22:28:44,301 - telethon.network.mtprotosender - WARNING - Attempt 1 at connecting failed: OSError: [WinError 1231] The network location cannot be reached. For information about network troubleshooting, see Windows Help
2026-05-23 22:28:44,301 - telethon.network.mtprotosender - WARNING - Attempt 1 at connecting failed: OSError: [WinError 1231] The network location cannot be reached. For information about network troubleshooting, see Windows Help
2026-05-23 22:28:44,301 - telethon.network.mtprotosender - WARNING - Attempt 1 at connecting failed: OSError: [WinError 1231] The network location cannot be reached. For information about network troubleshooting, see Windows Help
2026-05-23 22:28:44,301 - telethon.network.mtprotosender - WARNING - Attempt 1 at connecting failed: OSError: [WinError 1231] The network location cannot be reached. For information about network troubleshooting, see Windows Help
2026-05-23 22:28:44,301 - telethon.network.mtprotosender - WARNING - Attempt 1 at connecting failed: OSError: [WinError 1231] The network location cannot be reached. For information about network troubleshooting, see Windows Help
2026-05-23 22:28:44,301 - telethon.network.mtprotosender - WARNING - Attempt 1 at connecting failed: OSError: [WinError 1231] The network location cannot be reached. For information about network troubleshooting, see Windows Help
2026-05-23 22:28:44,302 - telethon.network.mtprotosender - WARNING - Attempt 1 at connecting failed: OSError: [WinError 1231] The network location cannot be reached. For information about network troubleshooting, see Windows Help
2026-05-23 22:28:44,302 - telethon.network.mtprotosender - WARNING - Attempt 1 at connecting failed: OSError: [WinError 1231] The network location cannot be reached. For information about network troubleshooting, see Windows Help
2026-05-23 22:28:45,312 - telethon.network.mtprotosender - WARNING - Attempt 2 at connecting failed: FileNotFoundError: [WinError 53] The network path was not found
2026-05-23 22:28:45,312 - telethon.network.mtprotosender - WARNING - Attempt 2 at connecting failed: FileNotFoundError: [WinError 53] The network path was not found
2026-05-23 22:28:45,312 - telethon.network.mtprotosender - WARNING - Attempt 2 at connecting failed: FileNotFoundError: [WinError 53] The network path was not found
2026-05-23 22:28:45,312 - telethon.network.mtprotosender - WARNING - Attempt 2 at connecting failed: FileNotFoundError: [WinError 53] The network path was not found
2026-05-23 22:28:45,312 - telethon.network.mtprotosender - WARNING - Attempt 2 at connecting failed: FileNotFoundError: [WinError 53] The network path was not found
2026-05-23 22:28:45,312 - telethon.network.mtprotosender - WARNING - Attempt 2 at connecting failed: FileNotFoundError: [WinError 53] The network path was not found
2026-05-23 22:28:45,314 - telethon.network.mtprotosender - WARNING - Attempt 2 at connecting failed: FileNotFoundError: [WinError 53] The network path was not found
2026-05-23 22:28:45,314 - telethon.network.mtprotosender - WARNING - Attempt 2 at connecting failed: FileNotFoundError: [WinError 53] The network path was not found
2026-05-23 22:28:45,315 - telethon.network.mtprotosender - WARNING - Attempt 2 at connecting failed: FileNotFoundError: [WinError 53] The network path was not found
2026-05-23 22:28:45,315 - telethon.network.mtprotosender - WARNING - Attempt 2 at connecting failed: FileNotFoundError: [WinError 53] The network path was not found
2026-05-23 22:28:45,315 - telethon.network.mtprotosender - WARNING - Attempt 2 at connecting failed: FileNotFoundError: [WinError 53] The network path was not found
2026-05-23 22:28:45,315 - telethon.network.mtprotosender - WARNING - Attempt 2 at connecting failed: FileNotFoundError: [WinError 53] The network path was not found
2026-05-23 22:28:45,315 - telethon.network.mtprotosender - WARNING - Attempt 2 at connecting failed: FileNotFoundError: [WinError 53] The network path was not found
2026-05-23 22:28:45,316 - telethon.network.mtprotosender - WARNING - Attempt 2 at connecting failed: FileNotFoundError: [WinError 53] The network path was not found
2026-05-23 22:28:45,316 - telethon.network.mtprotosender - WARNING - Attempt 2 at connecting failed: FileNotFoundError: [WinError 53] The network path was not found
2026-05-23 22:28:46,332 - telethon.network.mtprotosender - WARNING - Attempt 3 at connecting failed: FileNotFoundError: [WinError 53] The network path was not found
2026-05-23 22:28:46,332 - telethon.network.mtprotosender - WARNING - Attempt 3 at connecting failed: FileNotFoundError: [WinError 53] The network path was not found
2026-05-23 22:28:46,332 - telethon.network.mtprotosender - WARNING - Attempt 3 at connecting failed: FileNotFoundError: [WinError 53] The network path was not found
2026-05-23 22:28:46,332 - telethon.network.mtprotosender - WARNING - Attempt 3 at connecting failed: FileNotFoundError: [WinError 53] The network path was not found
2026-05-23 22:28:46,332 - telethon.network.mtprotosender - WARNING - Attempt 3 at connecting failed: FileNotFoundError: [WinError 53] The network path was not found
2026-05-23 22:28:46,332 - telethon.network.mtprotosender - WARNING - Attempt 3 at connecting failed: FileNotFoundError: [WinError 53] The network path was not found
2026-05-23 22:28:46,334 - telethon.network.mtprotosender - WARNING - Attempt 3 at connecting failed: FileNotFoundError: [WinError 53] The network path was not found
2026-05-23 22:28:46,334 - telethon.network.mtprotosender - WARNING - Attempt 3 at connecting failed: FileNotFoundError: [WinError 53] The network path was not found
2026-05-23 22:28:46,334 - telethon.network.mtprotosender - WARNING - Attempt 3 at connecting failed: FileNotFoundError: [WinError 53] The network path was not found
2026-05-23 22:28:46,334 - telethon.network.mtprotosender - WARNING - Attempt 3 at connecting failed: FileNotFoundError: [WinError 53] The network path was not found
2026-05-23 22:28:46,334 - telethon.network.mtprotosender - WARNING - Attempt 3 at connecting failed: FileNotFoundError: [WinError 53] The network path was not found
2026-05-23 22:28:46,334 - telethon.network.mtprotosender - WARNING - Attempt 3 at connecting failed: FileNotFoundError: [WinError 53] The network path was not found
2026-05-23 22:28:46,334 - telethon.network.mtprotosender - WARNING - Attempt 3 at connecting failed: FileNotFoundError: [WinError 53] The network path was not found
2026-05-23 22:28:46,334 - telethon.network.mtprotosender - WARNING - Attempt 3 at connecting failed: FileNotFoundError: [WinError 53] The network path was not found
2026-05-23 22:28:46,336 - telethon.network.mtprotosender - WARNING - Attempt 3 at connecting failed: FileNotFoundError: [WinError 53] The network path was not found
2026-05-23 22:28:47,341 - telethon.network.mtprotosender - WARNING - Attempt 4 at connecting failed: FileNotFoundError: [WinError 53] The network path was not found
2026-05-23 22:28:47,344 - telethon.network.mtprotosender - WARNING - Attempt 4 at connecting failed: FileNotFoundError: [WinError 53] The network path was not found
2026-05-23 22:28:47,344 - telethon.network.mtprotosender - WARNING - Attempt 4 at connecting failed: FileNotFoundError: [WinError 53] The network path was not found
2026-05-23 22:28:47,344 - telethon.network.mtprotosender - WARNING - Attempt 4 at connecting failed: FileNotFoundError: [WinError 53] The network path was not found
2026-05-23 22:28:47,344 - telethon.network.mtprotosender - WARNING - Attempt 4 at connecting failed: FileNotFoundError: [WinError 53] The network path was not found
2026-05-23 22:28:47,344 - telethon.network.mtprotosender - WARNING - Attempt 4 at connecting failed: FileNotFoundError: [WinError 53] The network path was not found
2026-05-23 22:28:47,344 - telethon.network.mtprotosender - WARNING - Attempt 4 at connecting failed: FileNotFoundError: [WinError 53] The network path was not found
2026-05-23 22:28:47,344 - telethon.network.mtprotosender - WARNING - Attempt 4 at connecting failed: FileNotFoundError: [WinError 53] The network path was not found
2026-05-23 22:28:47,344 - telethon.network.mtprotosender - WARNING - Attempt 4 at connecting failed: FileNotFoundError: [WinError 53] The network path was not found
2026-05-23 22:28:47,345 - telethon.network.mtprotosender - WARNING - Attempt 4 at connecting failed: FileNotFoundError: [WinError 53] The network path was not found
2026-05-23 22:28:47,345 - telethon.network.mtprotosender - WARNING - Attempt 4 at connecting failed: FileNotFoundError: [WinError 53] The network path was not found
2026-05-23 22:28:47,345 - telethon.network.mtprotosender - WARNING - Attempt 4 at connecting failed: FileNotFoundError: [WinError 53] The network path was not found
2026-05-23 22:28:47,345 - telethon.network.mtprotosender - WARNING - Attempt 4 at connecting failed: FileNotFoundError: [WinError 53] The network path was not found
2026-05-23 22:28:47,345 - telethon.network.mtprotosender - WARNING - Attempt 4 at connecting failed: FileNotFoundError: [WinError 53] The network path was not found
2026-05-23 22:28:47,345 - telethon.network.mtprotosender - WARNING - Attempt 4 at connecting failed: FileNotFoundError: [WinError 53] The network path was not found
2026-05-23 22:28:48,333 - telethon.network.mtprotosender - WARNING - Attempt 5 at connecting failed: FileNotFoundError: [WinError 53] The network path was not found
2026-05-23 22:28:48,366 - telethon.network.mtprotosender - WARNING - Attempt 5 at connecting failed: FileNotFoundError: [WinError 53] The network path was not found
2026-05-23 22:28:48,368 - telethon.network.mtprotosender - WARNING - Attempt 5 at connecting failed: FileNotFoundError: [WinError 53] The network path was not found
2026-05-23 22:28:48,368 - telethon.network.mtprotosender - WARNING - Attempt 5 at connecting failed: FileNotFoundError: [WinError 53] The network path was not found
2026-05-23 22:28:48,368 - telethon.network.mtprotosender - WARNING - Attempt 5 at connecting failed: FileNotFoundError: [WinError 53] The network path was not found
2026-05-23 22:28:48,368 - telethon.network.mtprotosender - WARNING - Attempt 5 at connecting failed: FileNotFoundError: [WinError 53] The network path was not found
2026-05-23 22:28:48,368 - telethon.network.mtprotosender - WARNING - Attempt 5 at connecting failed: FileNotFoundError: [WinError 53] The network path was not found
2026-05-23 22:28:48,368 - telethon.network.mtprotosender - WARNING - Attempt 5 at connecting failed: FileNotFoundError: [WinError 53] The network path was not found
2026-05-23 22:28:48,369 - telethon.network.mtprotosender - WARNING - Attempt 5 at connecting failed: FileNotFoundError: [WinError 53] The network path was not found
2026-05-23 22:28:48,369 - telethon.network.mtprotosender - WARNING - Attempt 5 at connecting failed: FileNotFoundError: [WinError 53] The network path was not found
2026-05-23 22:28:48,369 - telethon.network.mtprotosender - WARNING - Attempt 5 at connecting failed: FileNotFoundError: [WinError 53] The network path was not found
2026-05-23 22:28:48,370 - telethon.network.mtprotosender - WARNING - Attempt 5 at connecting failed: FileNotFoundError: [WinError 53] The network path was not found
2026-05-23 22:28:48,370 - telethon.network.mtprotosender - WARNING - Attempt 5 at connecting failed: FileNotFoundError: [WinError 53] The network path was not found
2026-05-23 22:28:48,370 - telethon.network.mtprotosender - WARNING - Attempt 5 at connecting failed: FileNotFoundError: [WinError 53] The network path was not found
2026-05-23 22:28:48,371 - telethon.network.mtprotosender - WARNING - Attempt 5 at connecting failed: FileNotFoundError: [WinError 53] The network path was not found
2026-05-23 22:28:49,342 - telethon.network.mtprotosender - WARNING - Attempt 6 at connecting failed: FileNotFoundError: [WinError 53] The network path was not found
2026-05-23 22:28:49,397 - telethon.network.mtprotosender - WARNING - Attempt 6 at connecting failed: FileNotFoundError: [WinError 53] The network path was not found
2026-05-23 22:28:49,397 - telethon.network.mtprotosender - WARNING - Attempt 6 at connecting failed: FileNotFoundError: [WinError 53] The network path was not found
2026-05-23 22:28:49,397 - telethon.network.mtprotosender - WARNING - Attempt 6 at connecting failed: FileNotFoundError: [WinError 53] The network path was not found
2026-05-23 22:28:49,397 - telethon.network.mtprotosender - WARNING - Attempt 6 at connecting failed: FileNotFoundError: [WinError 53] The network path was not found
2026-05-23 22:28:49,397 - telethon.network.mtprotosender - WARNING - Attempt 6 at connecting failed: FileNotFoundError: [WinError 53] The network path was not found
2026-05-23 22:28:49,397 - telethon.network.mtprotosender - WARNING - Attempt 6 at connecting failed: FileNotFoundError: [WinError 53] The network path was not found
2026-05-23 22:28:49,398 - telethon.network.mtprotosender - WARNING - Attempt 6 at connecting failed: FileNotFoundError: [WinError 53] The network path was not found
2026-05-23 22:28:49,398 - telethon.network.mtprotosender - WARNING - Attempt 6 at connecting failed: FileNotFoundError: [WinError 53] The network path was not found
2026-05-23 22:28:49,398 - telethon.network.mtprotosender - WARNING - Attempt 6 at connecting failed: FileNotFoundError: [WinError 53] The network path was not found
2026-05-23 22:28:49,398 - telethon.network.mtprotosender - WARNING - Attempt 6 at connecting failed: FileNotFoundError: [WinError 53] The network path was not found
2026-05-23 22:28:49,399 - telethon.network.mtprotosender - WARNING - Attempt 6 at connecting failed: FileNotFoundError: [WinError 53] The network path was not found
2026-05-23 22:28:49,399 - telethon.network.mtprotosender - WARNING - Attempt 6 at connecting failed: FileNotFoundError: [WinError 53] The network path was not found
2026-05-23 22:28:49,399 - telethon.network.mtprotosender - WARNING - Attempt 6 at connecting failed: FileNotFoundError: [WinError 53] The network path was not found
2026-05-23 22:28:49,400 - telethon.network.mtprotosender - WARNING - Attempt 6 at connecting failed: FileNotFoundError: [WinError 53] The network path was not found
2026-05-23 22:28:51,365 - telethon.network.mtprotosender - WARNING - Attempt 1 at connecting failed: FileNotFoundError: [WinError 53] The network path was not found
2026-05-23 22:28:51,413 - telethon.network.mtprotosender - WARNING - Attempt 1 at connecting failed: FileNotFoundError: [WinError 53] The network path was not found
2026-05-23 22:28:51,416 - telethon.network.mtprotosender - WARNING - Attempt 1 at connecting failed: FileNotFoundError: [WinError 53] The network path was not found
2026-05-23 22:28:51,416 - telethon.network.mtprotosender - WARNING - Attempt 1 at connecting failed: FileNotFoundError: [WinError 53] The network path was not found
2026-05-23 22:28:51,416 - telethon.network.mtprotosender - WARNING - Attempt 1 at connecting failed: FileNotFoundError: [WinError 53] The network path was not found
2026-05-23 22:28:51,416 - telethon.network.mtprotosender - WARNING - Attempt 1 at connecting failed: FileNotFoundError: [WinError 53] The network path was not found
2026-05-23 22:28:51,416 - telethon.network.mtprotosender - WARNING - Attempt 1 at connecting failed: FileNotFoundError: [WinError 53] The network path was not found
2026-05-23 22:28:51,417 - telethon.network.mtprotosender - WARNING - Attempt 1 at connecting failed: FileNotFoundError: [WinError 53] The network path was not found
2026-05-23 22:28:51,417 - telethon.network.mtprotosender - WARNING - Attempt 1 at connecting failed: FileNotFoundError: [WinError 53] The network path was not found
2026-05-23 22:28:51,417 - telethon.network.mtprotosender - WARNING - Attempt 1 at connecting failed: FileNotFoundError: [WinError 53] The network path was not found
2026-05-23 22:28:51,417 - telethon.network.mtprotosender - WARNING - Attempt 1 at connecting failed: FileNotFoundError: [WinError 53] The network path was not found
2026-05-23 22:28:51,417 - telethon.network.mtprotosender - WARNING - Attempt 1 at connecting failed: FileNotFoundError: [WinError 53] The network path was not found
2026-05-23 22:28:51,418 - telethon.network.mtprotosender - WARNING - Attempt 1 at connecting failed: FileNotFoundError: [WinError 53] The network path was not found
2026-05-23 22:28:51,418 - telethon.network.mtprotosender - WARNING - Attempt 1 at connecting failed: FileNotFoundError: [WinError 53] The network path was not found
2026-05-23 22:28:51,418 - telethon.network.mtprotosender - WARNING - Attempt 1 at connecting failed: FileNotFoundError: [WinError 53] The network path was not found
2026-05-23 22:28:52,372 - telethon.network.mtprotosender - WARNING - Attempt 2 at connecting failed: FileNotFoundError: [WinError 53] The network path was not found
2026-05-23 22:28:52,464 - telethon.network.mtprotosender - WARNING - Attempt 2 at connecting failed: FileNotFoundError: [WinError 53] The network path was not found
2026-05-23 22:28:52,466 - telethon.network.mtprotosender - WARNING - Attempt 2 at connecting failed: FileNotFoundError: [WinError 53] The network path was not found
2026-05-23 22:28:52,466 - telethon.network.mtprotosender - WARNING - Attempt 2 at connecting failed: FileNotFoundError: [WinError 53] The network path was not found
2026-05-23 22:28:52,466 - telethon.network.mtprotosender - WARNING - Attempt 2 at connecting failed: FileNotFoundError: [WinError 53] The network path was not found
2026-05-23 22:28:52,466 - telethon.network.mtprotosender - WARNING - Attempt 2 at connecting failed: FileNotFoundError: [WinError 53] The network path was not found
2026-05-23 22:28:52,466 - telethon.network.mtprotosender - WARNING - Attempt 2 at connecting failed: FileNotFoundError: [WinError 53] The network path was not found
2026-05-23 22:28:52,466 - telethon.network.mtprotosender - WARNING - Attempt 2 at connecting failed: FileNotFoundError: [WinError 53] The network path was not found
2026-05-23 22:28:52,466 - telethon.network.mtprotosender - WARNING - Attempt 2 at connecting failed: FileNotFoundError: [WinError 53] The network path was not found
2026-05-23 22:28:52,466 - telethon.network.mtprotosender - WARNING - Attempt 2 at connecting failed: FileNotFoundError: [WinError 53] The network path was not found
2026-05-23 22:28:52,466 - telethon.network.mtprotosender - WARNING - Attempt 2 at connecting failed: FileNotFoundError: [WinError 53] The network path was not found
2026-05-23 22:28:52,466 - telethon.network.mtprotosender - WARNING - Attempt 2 at connecting failed: FileNotFoundError: [WinError 53] The network path was not found
2026-05-23 22:28:52,474 - telethon.network.mtprotosender - WARNING - Attempt 2 at connecting failed: FileNotFoundError: [WinError 53] The network path was not found
2026-05-23 22:28:52,474 - telethon.network.mtprotosender - WARNING - Attempt 2 at connecting failed: FileNotFoundError: [WinError 53] The network path was not found
2026-05-23 22:28:52,475 - telethon.network.mtprotosender - WARNING - Attempt 2 at connecting failed: FileNotFoundError: [WinError 53] The network path was not found
2026-05-23 23:13:58,286 - BotManager - INFO - Synchronizing bots with database...
2026-05-23 23:14:00,264 - telethon.network.mtprotosender - WARNING - Attempt 3 at connecting failed: OSError: [WinError 1232] The network location cannot be reached. For information about network troubleshooting, see Windows Help
2026-05-23 23:14:00,264 - telethon.network.mtprotosender - WARNING - Attempt 3 at connecting failed: OSError: [WinError 1232] The network location cannot be reached. For information about network troubleshooting, see Windows Help
2026-05-23 23:14:00,265 - telethon.network.mtprotosender - WARNING - Attempt 3 at connecting failed: OSError: [WinError 1232] The network location cannot be reached. For information about network troubleshooting, see Windows Help
2026-05-23 23:14:00,285 - telethon.network.mtprotosender - WARNING - Attempt 3 at connecting failed: OSError: [WinError 1232] The network location cannot be reached. For information about network troubleshooting, see Windows Help
2026-05-23 23:14:00,285 - telethon.network.mtprotosender - WARNING - Attempt 3 at connecting failed: OSError: [WinError 1232] The network location cannot be reached. For information about network troubleshooting, see Windows Help
2026-05-23 23:14:00,286 - telethon.network.mtprotosender - WARNING - Attempt 3 at connecting failed: OSError: [WinError 1232] The network location cannot be reached. For information about network troubleshooting, see Windows Help
2026-05-23 23:14:00,286 - telethon.network.mtprotosender - WARNING - Attempt 3 at connecting failed: OSError: [WinError 1232] The network location cannot be reached. For information about network troubleshooting, see Windows Help
2026-05-23 23:14:00,287 - telethon.network.mtprotosender - WARNING - Attempt 3 at connecting failed: OSError: [WinError 1232] The network location cannot be reached. For information about network troubleshooting, see Windows Help
2026-05-23 23:14:00,288 - telethon.network.mtprotosender - WARNING - Attempt 3 at connecting failed: OSError: [WinError 1232] The network location cannot be reached. For information about network troubleshooting, see Windows Help
2026-05-23 23:14:00,289 - telethon.network.mtprotosender - WARNING - Attempt 3 at connecting failed: OSError: [WinError 1232] The network location cannot be reached. For information about network troubleshooting, see Windows Help
2026-05-23 23:14:00,290 - telethon.network.mtprotosender - WARNING - Attempt 3 at connecting failed: OSError: [WinError 1232] The network location cannot be reached. For information about network troubleshooting, see Windows Help
2026-05-23 23:14:00,290 - telethon.network.mtprotosender - WARNING - Attempt 3 at connecting failed: OSError: [WinError 1232] The network location cannot be reached. For information about network troubleshooting, see Windows Help
2026-05-23 23:14:00,290 - telethon.network.mtprotosender - WARNING - Attempt 3 at connecting failed: OSError: [WinError 1232] The network location cannot be reached. For information about network troubleshooting, see Windows Help
2026-05-23 23:14:00,291 - telethon.network.mtprotosender - WARNING - Attempt 3 at connecting failed: OSError: [WinError 1232] The network location cannot be reached. For information about network troubleshooting, see Windows Help
2026-05-23 23:14:00,292 - telethon.network.mtprotosender - WARNING - Attempt 3 at connecting failed: OSError: [WinError 1232] The network location cannot be reached. For information about network troubleshooting, see Windows Help
2026-05-23 23:14:00,298 - BotManager - ERROR - Error in synchronization: [Errno 11001] getaddrinfo failed
2026-05-23 23:14:00,346 - BotManager - ERROR - Bot d1d905aa-c338-40d6-9cc2-e4b452f374b9: Error in resend_reminders loop: [Errno 11001] getaddrinfo failed
2026-05-23 23:14:01,811 - telethon.network.mtprotosender - WARNING - Attempt 4 at connecting failed: OSError: [WinError 1231] The network location cannot be reached. For information about network troubleshooting, see Windows Help
2026-05-23 23:14:01,865 - telethon.network.mtprotosender - WARNING - Attempt 4 at connecting failed: OSError: [WinError 1231] The network location cannot be reached. For information about network troubleshooting, see Windows Help
2026-05-23 23:14:01,865 - telethon.network.mtprotosender - WARNING - Attempt 4 at connecting failed: OSError: [WinError 1231] The network location cannot be reached. For information about network troubleshooting, see Windows Help
2026-05-23 23:14:01,867 - telethon.network.mtprotosender - WARNING - Attempt 4 at connecting failed: OSError: [WinError 1231] The network location cannot be reached. For information about network troubleshooting, see Windows Help
2026-05-23 23:14:01,867 - telethon.network.mtprotosender - WARNING - Attempt 4 at connecting failed: OSError: [WinError 1231] The network location cannot be reached. For information about network troubleshooting, see Windows Help
2026-05-23 23:14:01,867 - telethon.network.mtprotosender - WARNING - Attempt 4 at connecting failed: OSError: [WinError 1231] The network location cannot be reached. For information about network troubleshooting, see Windows Help
2026-05-23 23:14:01,867 - telethon.network.mtprotosender - WARNING - Attempt 4 at connecting failed: OSError: [WinError 1231] The network location cannot be reached. For information about network troubleshooting, see Windows Help
2026-05-23 23:14:01,867 - telethon.network.mtprotosender - WARNING - Attempt 4 at connecting failed: OSError: [WinError 1231] The network location cannot be reached. For information about network troubleshooting, see Windows Help
2026-05-23 23:14:01,867 - telethon.network.mtprotosender - WARNING - Attempt 4 at connecting failed: OSError: [WinError 1231] The network location cannot be reached. For information about network troubleshooting, see Windows Help
2026-05-23 23:14:01,880 - telethon.network.mtprotosender - WARNING - Attempt 4 at connecting failed: OSError: [WinError 1231] The network location cannot be reached. For information about network troubleshooting, see Windows Help
2026-05-23 23:14:01,882 - telethon.network.mtprotosender - WARNING - Attempt 4 at connecting failed: OSError: [WinError 1231] The network location cannot be reached. For information about network troubleshooting, see Windows Help
2026-05-23 23:14:01,882 - telethon.network.mtprotosender - WARNING - Attempt 4 at connecting failed: OSError: [WinError 1231] The network location cannot be reached. For information about network troubleshooting, see Windows Help
2026-05-23 23:14:01,883 - telethon.network.mtprotosender - WARNING - Attempt 4 at connecting failed: OSError: [WinError 1231] The network location cannot be reached. For information about network troubleshooting, see Windows Help
2026-05-23 23:14:01,883 - telethon.network.mtprotosender - WARNING - Attempt 4 at connecting failed: OSError: [WinError 1231] The network location cannot be reached. For information about network troubleshooting, see Windows Help
2026-05-23 23:14:01,889 - telethon.network.mtprotosender - WARNING - Attempt 4 at connecting failed: OSError: [WinError 1231] The network location cannot be reached. For information about network troubleshooting, see Windows Help
2026-05-23 23:14:01,902 - BotManager - ERROR - Bot 6dc0ad74-df4f-4494-bafa-814999a65ca8: Error in resend_reminders loop: [Errno 11001] getaddrinfo failed
2026-05-23 23:14:01,973 - BotManager - ERROR - Bot 63a8fb0f-0b30-40e1-b1c0-9e85f93c7bc0: Error in resend_reminders loop: [Errno 11001] getaddrinfo failed
2026-05-23 23:14:01,975 - BotManager - ERROR - Bot 5e27ec16-8975-47e9-aff4-9012a6679125: Error in resend_reminders loop: [Errno 11001] getaddrinfo failed
2026-05-23 23:14:03,669 - BotManager - ERROR - Bot ff7aa6f9-db8f-4eec-bfd2-1398db58380f: Error in resend_reminders loop: [Errno 11001] getaddrinfo failed
2026-05-23 23:14:03,766 - telethon.network.mtprotosender - WARNING - Attempt 5 at connecting failed: OSError: [WinError 1231] The network location cannot be reached. For information about network troubleshooting, see Windows Help
2026-05-23 23:14:03,768 - telethon.network.mtprotosender - WARNING - Attempt 5 at connecting failed: OSError: [WinError 1231] The network location cannot be reached. For information about network troubleshooting, see Windows Help
2026-05-23 23:14:03,770 - telethon.network.mtprotosender - WARNING - Attempt 5 at connecting failed: OSError: [WinError 1231] The network location cannot be reached. For information about network troubleshooting, see Windows Help
2026-05-23 23:14:03,772 - telethon.network.mtprotosender - WARNING - Attempt 5 at connecting failed: OSError: [WinError 1231] The network location cannot be reached. For information about network troubleshooting, see Windows Help
2026-05-23 23:14:03,774 - telethon.network.mtprotosender - WARNING - Attempt 5 at connecting failed: OSError: [WinError 1231] The network location cannot be reached. For information about network troubleshooting, see Windows Help
2026-05-23 23:14:03,774 - telethon.network.mtprotosender - WARNING - Attempt 5 at connecting failed: OSError: [WinError 1231] The network location cannot be reached. For information about network troubleshooting, see Windows Help
2026-05-23 23:14:03,779 - telethon.network.mtprotosender - WARNING - Attempt 5 at connecting failed: OSError: [WinError 1231] The network location cannot be reached. For information about network troubleshooting, see Windows Help
2026-05-23 23:14:03,781 - telethon.network.mtprotosender - WARNING - Attempt 5 at connecting failed: OSError: [WinError 1231] The network location cannot be reached. For information about network troubleshooting, see Windows Help
2026-05-23 23:14:03,783 - telethon.network.mtprotosender - WARNING - Attempt 5 at connecting failed: OSError: [WinError 1231] The network location cannot be reached. For information about network troubleshooting, see Windows Help
2026-05-23 23:14:03,784 - telethon.network.mtprotosender - WARNING - Attempt 5 at connecting failed: OSError: [WinError 1231] The network location cannot be reached. For information about network troubleshooting, see Windows Help
2026-05-23 23:14:03,784 - telethon.network.mtprotosender - WARNING - Attempt 5 at connecting failed: OSError: [WinError 1231] The network location cannot be reached. For information about network troubleshooting, see Windows Help
2026-05-23 23:14:03,784 - telethon.network.mtprotosender - WARNING - Attempt 5 at connecting failed: OSError: [WinError 1231] The network location cannot be reached. For information about network troubleshooting, see Windows Help
2026-05-23 23:14:03,786 - telethon.network.mtprotosender - WARNING - Attempt 5 at connecting failed: OSError: [WinError 1231] The network location cannot be reached. For information about network troubleshooting, see Windows Help
2026-05-23 23:14:03,786 - telethon.network.mtprotosender - WARNING - Attempt 5 at connecting failed: OSError: [WinError 1231] The network location cannot be reached. For information about network troubleshooting, see Windows Help
2026-05-23 23:14:03,788 - telethon.network.mtprotosender - WARNING - Attempt 5 at connecting failed: OSError: [WinError 1231] The network location cannot be reached. For information about network troubleshooting, see Windows Help
2026-05-23 23:14:03,992 - BotManager - ERROR - Bot 784e2269-9257-4a14-a229-a62682a4484e: Error in resend_reminders loop: [Errno 11001] getaddrinfo failed
2026-05-23 23:14:04,021 - BotManager - ERROR - Bot 2d250812-83d4-4101-9a49-68ccd475b78c: Error in resend_reminders loop: [Errno 11001] getaddrinfo failed
2026-05-23 23:14:04,023 - BotManager - ERROR - Bot 7b014d5b-a0fe-464c-bced-d3693cfe2a3a: Error in resend_reminders loop: [Errno 11001] getaddrinfo failed
2026-05-23 23:14:04,026 - BotManager - ERROR - Bot 80b3cc75-40e6-469f-85b0-dcf2f00b3565: Error in resend_reminders loop: [Errno 11001] getaddrinfo failed
2026-05-23 23:14:04,151 - BotManager - ERROR - Bot 5542fc01-651b-4db9-ac26-0f56ac329ef9: Error in resend_reminders loop: [Errno 11001] getaddrinfo failed
2026-05-23 23:14:05,030 - telethon.network.mtprotosender - WARNING - Attempt 6 at connecting failed: OSError: [WinError 1231] The network location cannot be reached. For information about network troubleshooting, see Windows Help
2026-05-23 23:14:05,030 - telethon.network.mtprotosender - WARNING - Attempt 6 at connecting failed: OSError: [WinError 1231] The network location cannot be reached. For information about network troubleshooting, see Windows Help
2026-05-23 23:14:05,032 - telethon.network.mtprotosender - WARNING - Attempt 6 at connecting failed: OSError: [WinError 1231] The network location cannot be reached. For information about network troubleshooting, see Windows Help
2026-05-23 23:14:05,032 - telethon.network.mtprotosender - WARNING - Attempt 6 at connecting failed: OSError: [WinError 1231] The network location cannot be reached. For information about network troubleshooting, see Windows Help
2026-05-23 23:14:05,034 - telethon.network.mtprotosender - WARNING - Attempt 6 at connecting failed: OSError: [WinError 1231] The network location cannot be reached. For information about network troubleshooting, see Windows Help
2026-05-23 23:14:05,036 - telethon.network.mtprotosender - WARNING - Attempt 6 at connecting failed: OSError: [WinError 1231] The network location cannot be reached. For information about network troubleshooting, see Windows Help
2026-05-23 23:14:05,036 - telethon.network.mtprotosender - WARNING - Attempt 6 at connecting failed: OSError: [WinError 1231] The network location cannot be reached. For information about network troubleshooting, see Windows Help
2026-05-23 23:14:05,113 - telethon.network.mtprotosender - WARNING - Attempt 6 at connecting failed: OSError: [WinError 1231] The network location cannot be reached. For information about network troubleshooting, see Windows Help
2026-05-23 23:14:05,115 - telethon.network.mtprotosender - WARNING - Attempt 6 at connecting failed: OSError: [WinError 1231] The network location cannot be reached. For information about network troubleshooting, see Windows Help
2026-05-23 23:14:05,136 - telethon.network.mtprotosender - WARNING - Attempt 6 at connecting failed: OSError: [WinError 1231] The network location cannot be reached. For information about network troubleshooting, see Windows Help
2026-05-23 23:14:05,138 - telethon.network.mtprotosender - WARNING - Attempt 6 at connecting failed: OSError: [WinError 1231] The network location cannot be reached. For information about network troubleshooting, see Windows Help
2026-05-23 23:14:05,146 - telethon.network.mtprotosender - WARNING - Attempt 6 at connecting failed: OSError: [WinError 1231] The network location cannot be reached. For information about network troubleshooting, see Windows Help
2026-05-23 23:14:05,148 - telethon.network.mtprotosender - WARNING - Attempt 6 at connecting failed: OSError: [WinError 1231] The network location cannot be reached. For information about network troubleshooting, see Windows Help
2026-05-23 23:14:05,213 - telethon.network.mtprotosender - WARNING - Attempt 6 at connecting failed: OSError: [WinError 1231] The network location cannot be reached. For information about network troubleshooting, see Windows Help
2026-05-23 23:14:05,215 - telethon.network.mtprotosender - WARNING - Attempt 6 at connecting failed: OSError: [WinError 1231] The network location cannot be reached. For information about network troubleshooting, see Windows Help
2026-05-23 23:14:05,225 - BotManager - ERROR - Bot 8d794bd1-6e6f-4ba3-8d76-5be83bd9bbc3: Error in resend_reminders loop: [Errno 11001] getaddrinfo failed
2026-05-23 23:14:05,253 - BotManager - ERROR - Bot 9cae20d8-0893-440a-9084-52d2689c7c9e: Error in resend_reminders loop: [Errno 11001] getaddrinfo failed
2026-05-23 23:14:07,049 - telethon.network.mtprotosender - WARNING - Attempt 1 at connecting failed: OSError: [WinError 1231] The network location cannot be reached. For information about network troubleshooting, see Windows Help
2026-05-23 23:14:07,049 - telethon.network.mtprotosender - WARNING - Attempt 1 at connecting failed: OSError: [WinError 1231] The network location cannot be reached. For information about network troubleshooting, see Windows Help
2026-05-23 23:14:07,049 - telethon.network.mtprotosender - WARNING - Attempt 1 at connecting failed: OSError: [WinError 1231] The network location cannot be reached. For information about network troubleshooting, see Windows Help
2026-05-23 23:14:07,049 - telethon.network.mtprotosender - WARNING - Attempt 1 at connecting failed: OSError: [WinError 1231] The network location cannot be reached. For information about network troubleshooting, see Windows Help
2026-05-23 23:14:07,049 - telethon.network.mtprotosender - WARNING - Attempt 1 at connecting failed: OSError: [WinError 1231] The network location cannot be reached. For information about network troubleshooting, see Windows Help
2026-05-23 23:14:07,051 - telethon.network.mtprotosender - WARNING - Attempt 1 at connecting failed: OSError: [WinError 1231] The network location cannot be reached. For information about network troubleshooting, see Windows Help
2026-05-23 23:14:07,051 - telethon.network.mtprotosender - WARNING - Attempt 1 at connecting failed: OSError: [WinError 1231] The network location cannot be reached. For information about network troubleshooting, see Windows Help
2026-05-23 23:14:07,137 - telethon.network.mtprotosender - WARNING - Attempt 1 at connecting failed: OSError: [WinError 1231] The network location cannot be reached. For information about network troubleshooting, see Windows Help
2026-05-23 23:14:07,137 - telethon.network.mtprotosender - WARNING - Attempt 1 at connecting failed: OSError: [WinError 1231] The network location cannot be reached. For information about network troubleshooting, see Windows Help
2026-05-23 23:14:07,137 - telethon.network.mtprotosender - WARNING - Attempt 1 at connecting failed: OSError: [WinError 1231] The network location cannot be reached. For information about network troubleshooting, see Windows Help
2026-05-23 23:14:07,137 - telethon.network.mtprotosender - WARNING - Attempt 1 at connecting failed: OSError: [WinError 1231] The network location cannot be reached. For information about network troubleshooting, see Windows Help
2026-05-23 23:14:07,139 - telethon.network.mtprotosender - WARNING - Attempt 1 at connecting failed: OSError: [WinError 1231] The network location cannot be reached. For information about network troubleshooting, see Windows Help
2026-05-23 23:14:07,139 - telethon.network.mtprotosender - WARNING - Attempt 1 at connecting failed: OSError: [WinError 1231] The network location cannot be reached. For information about network troubleshooting, see Windows Help
2026-05-23 23:14:07,239 - telethon.network.mtprotosender - WARNING - Attempt 1 at connecting failed: OSError: [WinError 1231] The network location cannot be reached. For information about network troubleshooting, see Windows Help
2026-05-23 23:14:07,240 - telethon.network.mtprotosender - WARNING - Attempt 1 at connecting failed: OSError: [WinError 1231] The network location cannot be reached. For information about network troubleshooting, see Windows Help
2026-05-23 23:14:08,083 - telethon.network.mtprotosender - WARNING - Attempt 2 at connecting failed: OSError: [WinError 1231] The network location cannot be reached. For information about network troubleshooting, see Windows Help
2026-05-23 23:14:08,083 - telethon.network.mtprotosender - WARNING - Attempt 2 at connecting failed: OSError: [WinError 1231] The network location cannot be reached. For information about network troubleshooting, see Windows Help
2026-05-23 23:14:08,086 - telethon.network.mtprotosender - WARNING - Attempt 2 at connecting failed: OSError: [WinError 1231] The network location cannot be reached. For information about network troubleshooting, see Windows Help
2026-05-23 23:14:08,087 - telethon.network.mtprotosender - WARNING - Attempt 2 at connecting failed: OSError: [WinError 1231] The network location cannot be reached. For information about network troubleshooting, see Windows Help
2026-05-23 23:14:08,087 - telethon.network.mtprotosender - WARNING - Attempt 2 at connecting failed: OSError: [WinError 1231] The network location cannot be reached. For information about network troubleshooting, see Windows Help
2026-05-23 23:14:08,087 - telethon.network.mtprotosender - WARNING - Attempt 2 at connecting failed: OSError: [WinError 1231] The network location cannot be reached. For information about network troubleshooting, see Windows Help
2026-05-23 23:14:08,087 - telethon.network.mtprotosender - WARNING - Attempt 2 at connecting failed: OSError: [WinError 1231] The network location cannot be reached. For information about network troubleshooting, see Windows Help
2026-05-23 23:14:08,150 - telethon.network.mtprotosender - WARNING - Attempt 2 at connecting failed: OSError: [WinError 1231] The network location cannot be reached. For information about network troubleshooting, see Windows Help
2026-05-23 23:14:08,152 - telethon.network.mtprotosender - WARNING - Attempt 2 at connecting failed: OSError: [WinError 1231] The network location cannot be reached. For information about network troubleshooting, see Windows Help
2026-05-23 23:14:08,152 - telethon.network.mtprotosender - WARNING - Attempt 2 at connecting failed: OSError: [WinError 1231] The network location cannot be reached. For information about network troubleshooting, see Windows Help
2026-05-23 23:14:08,152 - telethon.network.mtprotosender - WARNING - Attempt 2 at connecting failed: OSError: [WinError 1231] The network location cannot be reached. For information about network troubleshooting, see Windows Help
2026-05-23 23:14:08,154 - telethon.network.mtprotosender - WARNING - Attempt 2 at connecting failed: OSError: [WinError 1231] The network location cannot be reached. For information about network troubleshooting, see Windows Help
2026-05-23 23:14:08,154 - telethon.network.mtprotosender - WARNING - Attempt 2 at connecting failed: OSError: [WinError 1231] The network location cannot be reached. For information about network troubleshooting, see Windows Help
2026-05-23 23:14:08,269 - telethon.network.mtprotosender - WARNING - Attempt 2 at connecting failed: OSError: [WinError 1231] The network location cannot be reached. For information about network troubleshooting, see Windows Help
2026-05-23 23:14:08,270 - telethon.network.mtprotosender - WARNING - Attempt 2 at connecting failed: OSError: [WinError 1231] The network location cannot be reached. For information about network troubleshooting, see Windows Help
2026-05-23 23:14:09,428 - telethon.network.mtprotosender - WARNING - Attempt 3 at connecting failed: OSError: [WinError 1231] The network location cannot be reached. For information about network troubleshooting, see Windows Help
2026-05-23 23:14:09,485 - telethon.network.mtprotosender - WARNING - Attempt 3 at connecting failed: OSError: [WinError 1231] The network location cannot be reached. For information about network troubleshooting, see Windows Help
2026-05-23 23:14:09,488 - telethon.network.mtprotosender - WARNING - Attempt 3 at connecting failed: OSError: [WinError 1231] The network location cannot be reached. For information about network troubleshooting, see Windows Help
2026-05-23 23:14:09,495 - telethon.network.mtprotosender - WARNING - Attempt 3 at connecting failed: OSError: [WinError 1231] The network location cannot be reached. For information about network troubleshooting, see Windows Help
2026-05-23 23:14:09,496 - telethon.network.mtprotosender - WARNING - Attempt 3 at connecting failed: OSError: [WinError 1231] The network location cannot be reached. For information about network troubleshooting, see Windows Help
2026-05-23 23:14:09,503 - telethon.network.mtprotosender - WARNING - Attempt 3 at connecting failed: OSError: [WinError 1231] The network location cannot be reached. For information about network troubleshooting, see Windows Help
2026-05-23 23:14:09,581 - telethon.network.mtprotosender - WARNING - Attempt 3 at connecting failed: OSError: [WinError 1231] The network location cannot be reached. For information about network troubleshooting, see Windows Help
2026-05-23 23:14:09,587 - telethon.network.mtprotosender - WARNING - Attempt 3 at connecting failed: OSError: [WinError 1231] The network location cannot be reached. For information about network troubleshooting, see Windows Help
2026-05-23 23:14:09,633 - telethon.network.mtprotosender - WARNING - Attempt 3 at connecting failed: OSError: [WinError 1231] The network location cannot be reached. For information about network troubleshooting, see Windows Help
2026-05-23 23:14:09,659 - telethon.network.mtprotosender - WARNING - Attempt 3 at connecting failed: OSError: [WinError 1231] The network location cannot be reached. For information about network troubleshooting, see Windows Help
2026-05-23 23:14:09,660 - telethon.network.mtprotosender - WARNING - Attempt 3 at connecting failed: OSError: [WinError 1231] The network location cannot be reached. For information about network troubleshooting, see Windows Help
2026-05-23 23:14:09,660 - telethon.network.mtprotosender - WARNING - Attempt 3 at connecting failed: OSError: [WinError 1231] The network location cannot be reached. For information about network troubleshooting, see Windows Help
2026-05-23 23:14:09,661 - telethon.network.mtprotosender - WARNING - Attempt 3 at connecting failed: OSError: [WinError 1231] The network location cannot be reached. For information about network troubleshooting, see Windows Help
2026-05-23 23:14:09,682 - telethon.network.mtprotosender - WARNING - Attempt 3 at connecting failed: OSError: [WinError 1231] The network location cannot be reached. For information about network troubleshooting, see Windows Help
2026-05-23 23:14:09,682 - telethon.network.mtprotosender - WARNING - Attempt 3 at connecting failed: OSError: [WinError 1231] The network location cannot be reached. For information about network troubleshooting, see Windows Help
2026-05-23 23:14:10,529 - telethon.network.mtprotosender - WARNING - Attempt 4 at connecting failed: OSError: [WinError 1231] The network location cannot be reached. For information about network troubleshooting, see Windows Help
2026-05-23 23:14:10,530 - telethon.network.mtprotosender - WARNING - Attempt 4 at connecting failed: OSError: [WinError 1231] The network location cannot be reached. For information about network troubleshooting, see Windows Help
2026-05-23 23:14:10,531 - telethon.network.mtprotosender - WARNING - Attempt 4 at connecting failed: OSError: [WinError 1231] The network location cannot be reached. For information about network troubleshooting, see Windows Help
2026-05-23 23:14:10,532 - telethon.network.mtprotosender - WARNING - Attempt 4 at connecting failed: OSError: [WinError 1231] The network location cannot be reached. For information about network troubleshooting, see Windows Help
2026-05-23 23:14:10,532 - telethon.network.mtprotosender - WARNING - Attempt 4 at connecting failed: OSError: [WinError 1231] The network location cannot be reached. For information about network troubleshooting, see Windows Help
2026-05-23 23:14:10,533 - telethon.network.mtprotosender - WARNING - Attempt 4 at connecting failed: OSError: [WinError 1231] The network location cannot be reached. For information about network troubleshooting, see Windows Help
2026-05-23 23:14:10,599 - telethon.network.mtprotosender - WARNING - Attempt 4 at connecting failed: OSError: [WinError 1231] The network location cannot be reached. For information about network troubleshooting, see Windows Help
2026-05-23 23:14:10,865 - telethon.network.mtprotosender - WARNING - Attempt 4 at connecting failed: OSError: [WinError 1231] The network location cannot be reached. For information about network troubleshooting, see Windows Help
2026-05-23 23:14:10,884 - telethon.network.mtprotosender - WARNING - Attempt 4 at connecting failed: OSError: [WinError 1231] The network location cannot be reached. For information about network troubleshooting, see Windows Help
2026-05-23 23:14:10,885 - telethon.network.mtprotosender - WARNING - Attempt 4 at connecting failed: OSError: [WinError 1231] The network location cannot be reached. For information about network troubleshooting, see Windows Help
2026-05-23 23:14:10,886 - telethon.network.mtprotosender - WARNING - Attempt 4 at connecting failed: OSError: [WinError 1231] The network location cannot be reached. For information about network troubleshooting, see Windows Help
2026-05-23 23:14:10,886 - telethon.network.mtprotosender - WARNING - Attempt 4 at connecting failed: OSError: [WinError 1231] The network location cannot be reached. For information about network troubleshooting, see Windows Help
2026-05-23 23:14:10,886 - telethon.network.mtprotosender - WARNING - Attempt 4 at connecting failed: OSError: [WinError 1231] The network location cannot be reached. For information about network troubleshooting, see Windows Help
2026-05-23 23:14:10,892 - telethon.network.mtprotosender - WARNING - Attempt 4 at connecting failed: OSError: [WinError 1231] The network location cannot be reached. For information about network troubleshooting, see Windows Help
2026-05-23 23:14:10,907 - telethon.network.mtprotosender - WARNING - Attempt 4 at connecting failed: OSError: [WinError 1231] The network location cannot be reached. For information about network troubleshooting, see Windows Help
2026-05-23 23:14:11,531 - telethon.network.mtprotosender - WARNING - Attempt 5 at connecting failed: OSError: [WinError 1231] The network location cannot be reached. For information about network troubleshooting, see Windows Help
2026-05-23 23:14:11,537 - telethon.network.mtprotosender - WARNING - Attempt 5 at connecting failed: OSError: [WinError 1231] The network location cannot be reached. For information about network troubleshooting, see Windows Help
2026-05-23 23:14:11,549 - telethon.network.mtprotosender - WARNING - Attempt 5 at connecting failed: OSError: [WinError 1231] The network location cannot be reached. For information about network troubleshooting, see Windows Help
2026-05-23 23:14:11,550 - telethon.network.mtprotosender - WARNING - Attempt 5 at connecting failed: OSError: [WinError 1231] The network location cannot be reached. For information about network troubleshooting, see Windows Help
2026-05-23 23:14:11,561 - telethon.network.mtprotosender - WARNING - Attempt 5 at connecting failed: OSError: [WinError 1231] The network location cannot be reached. For information about network troubleshooting, see Windows Help
2026-05-23 23:14:11,562 - telethon.network.mtprotosender - WARNING - Attempt 5 at connecting failed: OSError: [WinError 1231] The network location cannot be reached. For information about network troubleshooting, see Windows Help
2026-05-23 23:14:11,605 - telethon.network.mtprotosender - WARNING - Attempt 5 at connecting failed: OSError: [WinError 1231] The network location cannot be reached. For information about network troubleshooting, see Windows Help
2026-05-23 23:14:11,897 - telethon.network.mtprotosender - WARNING - Attempt 5 at connecting failed: OSError: [WinError 1231] The network location cannot be reached. For information about network troubleshooting, see Windows Help
2026-05-23 23:14:11,898 - telethon.network.mtprotosender - WARNING - Attempt 5 at connecting failed: OSError: [WinError 1231] The network location cannot be reached. For information about network troubleshooting, see Windows Help
2026-05-23 23:14:11,899 - telethon.network.mtprotosender - WARNING - Attempt 5 at connecting failed: OSError: [WinError 1231] The network location cannot be reached. For information about network troubleshooting, see Windows Help
2026-05-23 23:14:11,902 - telethon.network.mtprotosender - WARNING - Attempt 5 at connecting failed: OSError: [WinError 1231] The network location cannot be reached. For information about network troubleshooting, see Windows Help
2026-05-23 23:14:11,903 - telethon.network.mtprotosender - WARNING - Attempt 5 at connecting failed: OSError: [WinError 1231] The network location cannot be reached. For information about network troubleshooting, see Windows Help
2026-05-23 23:14:11,904 - telethon.network.mtprotosender - WARNING - Attempt 5 at connecting failed: OSError: [WinError 1231] The network location cannot be reached. For information about network troubleshooting, see Windows Help
2026-05-23 23:14:11,905 - telethon.network.mtprotosender - WARNING - Attempt 5 at connecting failed: OSError: [WinError 1231] The network location cannot be reached. For information about network troubleshooting, see Windows Help
2026-05-23 23:14:11,954 - telethon.network.mtprotosender - WARNING - Attempt 5 at connecting failed: OSError: [WinError 1231] The network location cannot be reached. For information about network troubleshooting, see Windows Help
2026-05-23 23:14:12,551 - telethon.network.mtprotosender - WARNING - Attempt 6 at connecting failed: OSError: [WinError 1231] The network location cannot be reached. For information about network troubleshooting, see Windows Help
2026-05-23 23:14:12,553 - telethon.network.mtprotosender - WARNING - Attempt 6 at connecting failed: OSError: [WinError 1231] The network location cannot be reached. For information about network troubleshooting, see Windows Help
2026-05-23 23:14:12,567 - telethon.network.mtprotosender - WARNING - Attempt 6 at connecting failed: OSError: [WinError 1231] The network location cannot be reached. For information about network troubleshooting, see Windows Help
2026-05-23 23:14:12,571 - telethon.network.mtprotosender - WARNING - Attempt 6 at connecting failed: OSError: [WinError 1231] The network location cannot be reached. For information about network troubleshooting, see Windows Help
2026-05-23 23:14:12,572 - telethon.network.mtprotosender - WARNING - Attempt 6 at connecting failed: OSError: [WinError 1231] The network location cannot be reached. For information about network troubleshooting, see Windows Help
2026-05-23 23:14:12,572 - telethon.network.mtprotosender - WARNING - Attempt 6 at connecting failed: OSError: [WinError 1231] The network location cannot be reached. For information about network troubleshooting, see Windows Help
2026-05-23 23:14:12,625 - telethon.network.mtprotosender - WARNING - Attempt 6 at connecting failed: OSError: [WinError 1231] The network location cannot be reached. For information about network troubleshooting, see Windows Help
2026-05-23 23:14:12,906 - telethon.network.mtprotosender - WARNING - Attempt 6 at connecting failed: OSError: [WinError 1231] The network location cannot be reached. For information about network troubleshooting, see Windows Help
2026-05-23 23:14:12,910 - telethon.network.mtprotosender - WARNING - Attempt 6 at connecting failed: OSError: [WinError 1231] The network location cannot be reached. For information about network troubleshooting, see Windows Help
2026-05-23 23:14:12,911 - telethon.network.mtprotosender - WARNING - Attempt 6 at connecting failed: OSError: [WinError 1231] The network location cannot be reached. For information about network troubleshooting, see Windows Help
2026-05-23 23:14:12,911 - telethon.network.mtprotosender - WARNING - Attempt 6 at connecting failed: OSError: [WinError 1231] The network location cannot be reached. For information about network troubleshooting, see Windows Help
2026-05-23 23:14:12,912 - telethon.network.mtprotosender - WARNING - Attempt 6 at connecting failed: OSError: [WinError 1231] The network location cannot be reached. For information about network troubleshooting, see Windows Help
2026-05-23 23:14:12,913 - telethon.network.mtprotosender - WARNING - Attempt 6 at connecting failed: OSError: [WinError 1231] The network location cannot be reached. For information about network troubleshooting, see Windows Help
2026-05-23 23:14:12,913 - telethon.network.mtprotosender - WARNING - Attempt 6 at connecting failed: OSError: [WinError 1231] The network location cannot be reached. For information about network troubleshooting, see Windows Help
2026-05-23 23:14:12,979 - telethon.network.mtprotosender - WARNING - Attempt 6 at connecting failed: OSError: [WinError 1231] The network location cannot be reached. For information about network troubleshooting, see Windows Help
2026-05-23 23:14:14,593 - telethon.network.mtprotosender - ERROR - Automatic reconnection failed 5 time(s)
2026-05-23 23:14:14,720 - asyncio - ERROR - Future exception was never retrieved
future: <Future finished exception=ConnectionError('Connection to Telegram failed 5 time(s)')>
ConnectionError: Connection to Telegram failed 5 time(s)
2026-05-23 23:14:14,950 - telethon.network.mtprotosender - ERROR - Automatic reconnection failed 5 time(s)
2026-05-23 23:14:14,951 - asyncio - ERROR - Future exception was never retrieved
future: <Future finished exception=ConnectionError('Connection to Telegram failed 5 time(s)')>
ConnectionError: Connection to Telegram failed 5 time(s)
2026-05-23 23:14:14,958 - telethon.network.mtprotosender - ERROR - Automatic reconnection failed 5 time(s)
2026-05-23 23:14:14,959 - asyncio - ERROR - Future exception was never retrieved
future: <Future finished exception=ConnectionError('Connection to Telegram failed 5 time(s)')>
ConnectionError: Connection to Telegram failed 5 time(s)
2026-05-23 23:14:14,959 - telethon.network.mtprotosender - ERROR - Automatic reconnection failed 5 time(s)
2026-05-23 23:14:14,960 - asyncio - ERROR - Future exception was never retrieved
future: <Future finished exception=ConnectionError('Connection to Telegram failed 5 time(s)')>
ConnectionError: Connection to Telegram failed 5 time(s)
2026-05-23 23:14:14,961 - telethon.network.mtprotosender - ERROR - Automatic reconnection failed 5 time(s)
2026-05-23 23:14:14,961 - asyncio - ERROR - Future exception was never retrieved
future: <Future finished exception=ConnectionError('Connection to Telegram failed 5 time(s)')>
ConnectionError: Connection to Telegram failed 5 time(s)
2026-05-23 23:14:14,983 - telethon.network.mtprotosender - ERROR - Automatic reconnection failed 5 time(s)
2026-05-23 23:14:14,984 - asyncio - ERROR - Future exception was never retrieved
future: <Future finished exception=ConnectionError('Connection to Telegram failed 5 time(s)')>
ConnectionError: Connection to Telegram failed 5 time(s)
2026-05-23 23:14:15,050 - telethon.network.mtprotosender - ERROR - Automatic reconnection failed 5 time(s)
2026-05-23 23:14:15,052 - asyncio - ERROR - Future exception was never retrieved
future: <Future finished exception=ConnectionError('Connection to Telegram failed 5 time(s)')>
ConnectionError: Connection to Telegram failed 5 time(s)
2026-05-23 23:14:15,053 - telethon.network.mtprotosender - ERROR - Automatic reconnection failed 5 time(s)
2026-05-23 23:14:15,054 - asyncio - ERROR - Future exception was never retrieved
future: <Future finished exception=ConnectionError('Connection to Telegram failed 5 time(s)')>
ConnectionError: Connection to Telegram failed 5 time(s)
2026-05-23 23:14:15,056 - telethon.network.mtprotosender - ERROR - Automatic reconnection failed 5 time(s)
2026-05-23 23:14:15,056 - asyncio - ERROR - Future exception was never retrieved
future: <Future finished exception=ConnectionError('Connection to Telegram failed 5 time(s)')>
ConnectionError: Connection to Telegram failed 5 time(s)
2026-05-23 23:14:15,057 - telethon.network.mtprotosender - ERROR - Automatic reconnection failed 5 time(s)
2026-05-23 23:14:15,057 - asyncio - ERROR - Future exception was never retrieved
future: <Future finished exception=ConnectionError('Connection to Telegram failed 5 time(s)')>
ConnectionError: Connection to Telegram failed 5 time(s)
2026-05-23 23:14:15,058 - telethon.network.mtprotosender - ERROR - Automatic reconnection failed 5 time(s)
2026-05-23 23:14:15,059 - asyncio - ERROR - Future exception was never retrieved
future: <Future finished exception=ConnectionError('Connection to Telegram failed 5 time(s)')>
ConnectionError: Connection to Telegram failed 5 time(s)
2026-05-23 23:14:15,062 - telethon.network.mtprotosender - ERROR - Automatic reconnection failed 5 time(s)
2026-05-23 23:14:15,065 - asyncio - ERROR - Future exception was never retrieved
future: <Future finished exception=ConnectionError('Connection to Telegram failed 5 time(s)')>
ConnectionError: Connection to Telegram failed 5 time(s)
2026-05-23 23:14:15,066 - telethon.network.mtprotosender - ERROR - Automatic reconnection failed 5 time(s)
2026-05-23 23:14:15,071 - asyncio - ERROR - Future exception was never retrieved
future: <Future finished exception=ConnectionError('Connection to Telegram failed 5 time(s)')>
ConnectionError: Connection to Telegram failed 5 time(s)
2026-05-23 23:14:15,072 - telethon.network.mtprotosender - ERROR - Automatic reconnection failed 5 time(s)
2026-05-23 23:14:15,075 - asyncio - ERROR - Future exception was never retrieved
future: <Future finished exception=ConnectionError('Connection to Telegram failed 5 time(s)')>
ConnectionError: Connection to Telegram failed 5 time(s)
2026-05-23 23:14:15,205 - telethon.network.mtprotosender - ERROR - Automatic reconnection failed 5 time(s)
2026-05-23 23:14:15,206 - asyncio - ERROR - Future exception was never retrieved
future: <Future finished exception=ConnectionError('Connection to Telegram failed 5 time(s)')>
ConnectionError: Connection to Telegram failed 5 time(s)
2026-05-23 23:14:17,163 - BotManager - ERROR - Failed to start bot 5542fc01-651b-4db9-ac26-0f56ac329ef9: Connection to Telegram failed 5 time(s)
2026-05-23 23:14:17,178 - BotManager - ERROR - Failed to start bot 6dc0ad74-df4f-4494-bafa-814999a65ca8: Connection to Telegram failed 5 time(s)
2026-05-23 23:14:17,180 - BotManager - ERROR - Failed to start bot 7b014d5b-a0fe-464c-bced-d3693cfe2a3a: Connection to Telegram failed 5 time(s)
2026-05-23 23:14:17,182 - BotManager - ERROR - Failed to start bot ff7aa6f9-db8f-4eec-bfd2-1398db58380f: Connection to Telegram failed 5 time(s)
2026-05-23 23:14:17,190 - BotManager - ERROR - Failed to start bot 2d250812-83d4-4101-9a49-68ccd475b78c: Connection to Telegram failed 5 time(s)
2026-05-23 23:14:17,190 - BotManager - ERROR - Failed to start bot 8d794bd1-6e6f-4ba3-8d76-5be83bd9bbc3: Connection to Telegram failed 5 time(s)
2026-05-23 23:14:17,509 - BotManager - ERROR - Failed to start bot d1d905aa-c338-40d6-9cc2-e4b452f374b9: Connection to Telegram failed 5 time(s)
2026-05-23 23:14:17,509 - BotManager - ERROR - Failed to start bot 9cae20d8-0893-440a-9084-52d2689c7c9e: Connection to Telegram failed 5 time(s)
2026-05-23 23:14:17,511 - BotManager - ERROR - Failed to start bot 63a8fb0f-0b30-40e1-b1c0-9e85f93c7bc0: Connection to Telegram failed 5 time(s)
2026-05-23 23:14:17,515 - BotManager - ERROR - Failed to start bot 784e2269-9257-4a14-a229-a62682a4484e: Connection to Telegram failed 5 time(s)
2026-05-23 23:14:17,515 - BotManager - ERROR - Failed to start bot 80b3cc75-40e6-469f-85b0-dcf2f00b3565: Connection to Telegram failed 5 time(s)
2026-05-23 23:14:17,515 - BotManager - ERROR - Failed to start bot 5e27ec16-8975-47e9-aff4-9012a6679125: Connection to Telegram failed 5 time(s)
2026-05-23 23:14:30,825 - BotManager - INFO - Synchronizing bots with database...
2026-05-23 23:15:09,620 - BotManager - INFO - Synchronizing bots with database...
2026-05-23 23:15:43,966 - BotManager - INFO - Synchronizing bots with database...
2026-05-23 23:16:18,375 - BotManager - INFO - Synchronizing bots with database...
2026-05-23 23:16:52,435 - BotManager - INFO - Synchronizing bots with database...
2026-05-23 23:17:26,182 - BotManager - INFO - Synchronizing bots with database...
2026-05-23 23:18:01,143 - BotManager - INFO - Synchronizing bots with database...
2026-05-23 23:18:34,803 - BotManager - INFO - Synchronizing bots with database...
2026-05-23 23:19:06,965 - BotManager - INFO - Synchronizing bots with database...
2026-05-23 23:19:38,913 - BotManager - INFO - Synchronizing bots with database...
2026-05-23 23:20:13,464 - BotManager - INFO - Synchronizing bots with database...
2026-05-23 23:20:45,410 - BotManager - INFO - Synchronizing bots with database...
2026-05-23 23:21:20,544 - BotManager - INFO - Synchronizing bots with database...
2026-05-23 23:21:53,220 - BotManager - INFO - Synchronizing bots with database...
2026-05-23 23:22:25,142 - BotManager - INFO - Synchronizing bots with database...
2026-05-23 23:22:57,856 - BotManager - INFO - Synchronizing bots with database...
2026-05-23 23:23:31,285 - BotManager - INFO - Synchronizing bots with database...
2026-05-23 23:24:06,585 - BotManager - INFO - Synchronizing bots with database...
2026-05-23 23:24:39,418 - BotManager - INFO - Synchronizing bots with database...
2026-05-23 23:25:11,511 - BotManager - INFO - Synchronizing bots with database...
2026-05-23 23:25:43,416 - BotManager - INFO - Synchronizing bots with database...
2026-05-23 23:26:16,534 - BotManager - INFO - Synchronizing bots with database...
2026-05-23 23:26:50,162 - BotManager - INFO - Synchronizing bots with database...
2026-05-23 23:27:22,212 - BotManager - INFO - Synchronizing bots with database...
2026-05-23 23:27:54,328 - BotManager - INFO - Synchronizing bots with database...
2026-05-23 23:28:26,651 - BotManager - INFO - Synchronizing bots with database...
2026-05-23 23:28:59,535 - BotManager - INFO - Synchronizing bots with database...
2026-05-23 23:29:31,578 - BotManager - INFO - Synchronizing bots with database...
2026-05-23 23:30:03,985 - BotManager - INFO - Synchronizing bots with database...
2026-05-23 23:30:35,962 - BotManager - INFO - Synchronizing bots with database...
2026-05-23 23:31:09,368 - BotManager - INFO - Synchronizing bots with database...
2026-05-23 23:31:41,424 - BotManager - INFO - Synchronizing bots with database...
2026-05-23 23:32:16,512 - BotManager - INFO - Synchronizing bots with database...
2026-05-23 23:32:48,650 - BotManager - INFO - Synchronizing bots with database...
2026-05-23 23:33:21,746 - BotManager - INFO - Synchronizing bots with database...
2026-05-23 23:33:53,785 - BotManager - INFO - Synchronizing bots with database...
2026-05-23 23:34:26,002 - BotManager - INFO - Synchronizing bots with database...
2026-05-23 23:35:01,373 - BotManager - INFO - Synchronizing bots with database...
2026-05-23 23:35:33,387 - BotManager - INFO - Synchronizing bots with database...
2026-05-23 23:36:05,949 - BotManager - INFO - Synchronizing bots with database...
2026-05-23 23:36:39,171 - BotManager - INFO - Synchronizing bots with database...
2026-05-23 23:37:11,078 - BotManager - INFO - Synchronizing bots with database...
2026-05-23 23:37:43,486 - BotManager - INFO - Synchronizing bots with database...
2026-05-23 23:38:16,385 - BotManager - INFO - Synchronizing bots with database...
2026-05-23 23:38:48,459 - BotManager - INFO - Synchronizing bots with database...
2026-05-23 23:39:20,387 - BotManager - INFO - Synchronizing bots with database...
2026-05-23 23:39:53,002 - BotManager - INFO - Synchronizing bots with database...
2026-05-23 23:40:25,860 - BotManager - INFO - Synchronizing bots with database...
2026-05-23 23:40:58,852 - BotManager - INFO - Synchronizing bots with database...
2026-05-23 23:41:31,283 - BotManager - INFO - Synchronizing bots with database...
2026-05-23 23:42:04,633 - BotManager - INFO - Synchronizing bots with database...
2026-05-23 23:42:36,877 - BotManager - INFO - Synchronizing bots with database...
2026-05-23 23:43:09,276 - BotManager - INFO - Synchronizing bots with database...
2026-05-23 23:43:41,633 - BotManager - INFO - Synchronizing bots with database...
2026-05-23 23:44:17,752 - BotManager - INFO - Synchronizing bots with database...
2026-05-23 23:44:49,792 - BotManager - INFO - Synchronizing bots with database...
2026-05-23 23:45:22,141 - BotManager - INFO - Synchronizing bots with database...
2026-05-23 23:45:54,234 - BotManager - INFO - Synchronizing bots with database...
2026-05-23 23:46:26,828 - BotManager - INFO - Synchronizing bots with database...
2026-05-23 23:46:59,527 - BotManager - INFO - Synchronizing bots with database...
2026-05-23 23:47:31,987 - BotManager - INFO - Synchronizing bots with database...
2026-05-23 23:48:27,935 - BotManager - INFO - Synchronizing bots with database...
2026-05-23 23:48:59,920 - BotManager - INFO - Synchronizing bots with database...
2026-05-23 23:49:32,055 - BotManager - INFO - Synchronizing bots with database...
2026-05-23 23:50:03,992 - BotManager - INFO - Synchronizing bots with database...
2026-05-23 23:50:36,015 - BotManager - INFO - Synchronizing bots with database...
2026-05-23 23:51:08,160 - BotManager - INFO - Synchronizing bots with database...
2026-05-23 23:51:40,143 - BotManager - INFO - Synchronizing bots with database...
2026-05-23 23:52:12,466 - BotManager - INFO - Synchronizing bots with database...
2026-05-23 23:52:44,376 - BotManager - INFO - Synchronizing bots with database...
2026-05-23 23:53:17,721 - BotManager - INFO - Synchronizing bots with database...
2026-05-23 23:53:50,855 - BotManager - INFO - Synchronizing bots with database...
2026-05-23 23:54:23,190 - BotManager - INFO - Synchronizing bots with database...
2026-05-23 23:54:55,401 - BotManager - INFO - Synchronizing bots with database...
2026-05-23 23:55:29,516 - BotManager - INFO - Synchronizing bots with database...
2026-05-23 23:56:01,494 - BotManager - INFO - Synchronizing bots with database...
2026-05-23 23:56:35,561 - BotManager - INFO - Synchronizing bots with database...
2026-05-23 23:57:07,481 - BotManager - INFO - Synchronizing bots with database...
2026-05-23 23:57:41,265 - BotManager - INFO - Synchronizing bots with database...
2026-05-23 23:58:14,238 - BotManager - INFO - Synchronizing bots with database...
2026-05-23 23:59:45,583 - BotManager - INFO - Synchronizing bots with database...
2026-05-24 00:00:18,263 - BotManager - INFO - Synchronizing bots with database...
2026-05-24 00:00:52,171 - BotManager - INFO - Synchronizing bots with database...
2026-05-24 00:01:26,590 - BotManager - INFO - Synchronizing bots with database...
2026-05-24 00:02:01,899 - BotManager - INFO - Synchronizing bots with database...
2026-05-24 00:02:34,555 - BotManager - INFO - Synchronizing bots with database...
2026-05-24 00:03:06,865 - BotManager - INFO - Synchronizing bots with database...
2026-05-24 00:03:38,920 - BotManager - INFO - Synchronizing bots with database...
2026-05-24 00:04:10,995 - BotManager - INFO - Synchronizing bots with database...
2026-05-24 00:04:42,927 - BotManager - INFO - Synchronizing bots with database...
2026-05-24 00:05:15,249 - BotManager - INFO - Synchronizing bots with database...
2026-05-24 00:05:48,689 - BotManager - INFO - Synchronizing bots with database...
2026-05-24 00:06:20,822 - BotManager - INFO - Synchronizing bots with database...
2026-05-24 00:06:52,768 - BotManager - INFO - Synchronizing bots with database...
2026-05-24 00:07:24,805 - BotManager - INFO - Synchronizing bots with database...
2026-05-24 00:07:56,901 - BotManager - INFO - Synchronizing bots with database...
2026-05-24 00:08:28,955 - BotManager - INFO - Synchronizing bots with database...
2026-05-24 00:09:01,445 - BotManager - INFO - Synchronizing bots with database...
2026-05-24 00:09:37,275 - BotManager - INFO - Synchronizing bots with database...
2026-05-24 00:10:10,189 - BotManager - INFO - Synchronizing bots with database...
2026-05-24 00:10:42,472 - BotManager - INFO - Synchronizing bots with database...
2026-05-24 00:11:18,610 - BotManager - INFO - Synchronizing bots with database...
2026-05-24 00:11:51,624 - BotManager - INFO - Synchronizing bots with database...
2026-05-24 00:12:24,294 - BotManager - INFO - Synchronizing bots with database...
2026-05-24 00:12:58,445 - BotManager - INFO - Synchronizing bots with database...
2026-05-24 00:13:30,412 - BotManager - INFO - Synchronizing bots with database...
2026-05-24 00:14:04,537 - BotManager - INFO - Synchronizing bots with database...
2026-05-24 00:14:36,455 - BotManager - INFO - Synchronizing bots with database...
2026-05-24 00:15:12,781 - BotManager - INFO - Synchronizing bots with database...
2026-05-24 00:15:45,036 - BotManager - INFO - Synchronizing bots with database...
2026-05-24 00:16:16,991 - BotManager - INFO - Synchronizing bots with database...
2026-05-24 00:16:48,982 - BotManager - INFO - Synchronizing bots with database...
2026-05-24 00:17:20,816 - BotManager - INFO - Synchronizing bots with database...
2026-05-24 00:17:52,744 - BotManager - INFO - Synchronizing bots with database...
2026-05-24 00:18:24,706 - BotManager - INFO - Synchronizing bots with database...
2026-05-24 00:19:06,548 - BotManager - INFO - Synchronizing bots with database...
2026-05-24 00:19:40,265 - BotManager - INFO - Synchronizing bots with database...
2026-05-24 00:20:14,473 - BotManager - INFO - Synchronizing bots with database...
2026-05-24 00:20:46,769 - BotManager - INFO - Synchronizing bots with database...
2026-05-24 00:21:18,886 - BotManager - INFO - Synchronizing bots with database...
2026-05-24 00:21:51,861 - BotManager - INFO - Synchronizing bots with database...
2026-05-24 00:22:25,244 - BotManager - INFO - Synchronizing bots with database...
2026-05-24 00:22:59,656 - BotManager - INFO - Synchronizing bots with database...
2026-05-24 00:23:32,636 - BotManager - INFO - Synchronizing bots with database...
2026-05-24 00:24:06,505 - BotManager - INFO - Synchronizing bots with database...
2026-05-24 00:24:39,925 - BotManager - INFO - Synchronizing bots with database...
2026-05-24 00:25:11,906 - BotManager - INFO - Synchronizing bots with database...
2026-05-24 00:25:45,672 - BotManager - INFO - Synchronizing bots with database...
2026-05-24 00:26:18,077 - BotManager - INFO - Synchronizing bots with database...
2026-05-24 00:26:50,108 - BotManager - INFO - Synchronizing bots with database...
2026-05-24 00:27:22,906 - BotManager - INFO - Synchronizing bots with database...
2026-05-24 00:27:56,128 - BotManager - INFO - Synchronizing bots with database...
2026-05-24 00:28:31,508 - BotManager - INFO - Synchronizing bots with database...
2026-05-24 00:29:03,645 - BotManager - INFO - Synchronizing bots with database...
2026-05-24 00:29:36,504 - BotManager - INFO - Synchronizing bots with database...
2026-05-24 00:30:08,807 - BotManager - INFO - Synchronizing bots with database...
2026-05-24 00:30:41,989 - BotManager - INFO - Synchronizing bots with database...
2026-05-24 00:31:15,111 - BotManager - INFO - Synchronizing bots with database...
2026-05-24 00:31:49,255 - BotManager - INFO - Synchronizing bots with database...
2026-05-24 00:32:21,268 - BotManager - INFO - Synchronizing bots with database...
2026-05-24 00:32:53,463 - BotManager - INFO - Synchronizing bots with database...
2026-05-24 00:33:26,722 - BotManager - INFO - Synchronizing bots with database...
2026-05-24 00:34:01,344 - BotManager - INFO - Synchronizing bots with database...
2026-05-24 00:34:33,683 - BotManager - INFO - Synchronizing bots with database...
2026-05-24 00:35:06,129 - BotManager - INFO - Synchronizing bots with database...
2026-05-24 00:35:38,256 - BotManager - INFO - Synchronizing bots with database...
2026-05-24 00:36:12,091 - BotManager - INFO - Synchronizing bots with database...
2026-05-24 00:36:44,136 - BotManager - INFO - Synchronizing bots with database...
2026-05-24 00:37:17,651 - BotManager - INFO - Synchronizing bots with database...
2026-05-24 00:37:50,043 - BotManager - INFO - Synchronizing bots with database...
2026-05-24 00:38:24,302 - BotManager - INFO - Synchronizing bots with database...
2026-05-24 00:38:56,565 - BotManager - INFO - Synchronizing bots with database...
2026-05-24 00:39:31,929 - BotManager - INFO - Synchronizing bots with database...
2026-05-24 00:40:04,628 - BotManager - INFO - Synchronizing bots with database...
2026-05-24 00:40:37,808 - BotManager - INFO - Synchronizing bots with database...
2026-05-24 00:41:10,501 - BotManager - INFO - Synchronizing bots with database...
2026-09-05 13:13:47,232 - BotManager - INFO - Bot Manager Started (Async Realtime Mode). Setting up listeners...
2026-09-05 13:13:47,260 - BotManager - INFO - Synchronizing bots with database...
2026-09-05 13:13:49,147 - BotManager - INFO - Starting bot: 5542fc01-651b-4db9-ac26-0f56ac329ef9
2026-09-05 13:13:49,157 - BotManager - INFO - Starting bot: 2d250812-83d4-4101-9a49-68ccd475b78c
2026-09-05 13:13:49,160 - BotManager - INFO - Starting bot: 292a9341-f6f7-4719-acac-a04e63c4bc40
2026-09-05 13:13:49,230 - BotManager - INFO - Starting bot: 5ec80d9e-a89e-4bf7-93ec-1fc356e6226f
2026-09-05 13:13:49,297 - BotManager - INFO - Starting bot: 4f4b03bb-3db4-4e4d-9f41-89ea8b36d04f
2026-09-05 13:13:49,299 - BotManager - INFO - Starting bot: 63a8fb0f-0b30-40e1-b1c0-9e85f93c7bc0
2026-09-05 13:13:49,302 - BotManager - INFO - Starting bot: 6dc0ad74-df4f-4494-bafa-814999a65ca8
2026-09-05 13:13:49,304 - BotManager - INFO - Starting bot: aeb96905-2373-4c6e-8d9e-878a0ae4e221
2026-09-05 13:13:49,370 - BotManager - INFO - Starting bot: c1a4d5ee-69f0-4025-aa26-a783e443589f
2026-09-05 13:13:49,433 - BotManager - INFO - Starting bot: b424e21b-044f-426e-90d9-1f6fbb84bf1e
2026-09-05 13:13:49,498 - BotManager - INFO - Starting bot: 80b3cc75-40e6-469f-85b0-dcf2f00b3565
2026-09-05 13:13:49,501 - BotManager - INFO - Starting bot: 81b05478-392f-4c74-ab2d-f50c0d9626d7
2026-09-05 13:13:49,566 - BotManager - INFO - Starting bot: 098d835d-dae9-4eec-932b-cad93336f7ff
2026-09-05 13:13:49,627 - BotManager - INFO - Starting bot: 5e27ec16-8975-47e9-aff4-9012a6679125
2026-09-05 13:13:49,629 - BotManager - INFO - Starting bot: 784e2269-9257-4a14-a229-a62682a4484e
2026-09-05 13:13:49,632 - BotManager - INFO - Starting bot: 86e82f6c-e66f-4b93-bd48-470de6bee501
2026-09-05 13:13:49,694 - BotManager - INFO - Starting bot: d1d905aa-c338-40d6-9cc2-e4b452f374b9
2026-09-05 13:13:49,697 - BotManager - INFO - Starting bot: 8aa85dfe-46fa-4217-b6f0-58c2d3c613e4
2026-09-05 13:13:49,761 - BotManager - INFO - Starting bot: beb7f1df-76be-475e-8310-243a2efc3f85
2026-09-05 13:13:49,827 - BotManager - INFO - Starting bot: 115dd97e-20f6-4c20-8978-7e47933d2ed0
2026-09-05 13:13:49,896 - BotManager - INFO - Starting bot: 84c3f0c6-b0e9-428a-9049-a3068aae0d52
2026-09-05 13:13:49,960 - BotManager - INFO - Starting bot: dd6bb724-8b73-4617-8116-18c14524ab87
2026-09-05 13:13:50,024 - BotManager - INFO - Starting bot: d0ed5c02-5d1b-4616-b8c4-1efa27f5c2d7
2026-09-05 13:13:50,085 - BotManager - INFO - Starting bot: 7f4ab634-55a2-4ad4-9317-23704deb00a8
2026-09-05 13:13:50,147 - BotManager - INFO - Starting bot: d0e30c83-890a-4bac-9895-0aed561e65d9
2026-09-05 13:13:50,208 - BotManager - INFO - Starting bot: e5876354-8701-4744-b404-0726a699c2f5
2026-09-05 13:13:50,321 - BotManager - INFO - Starting bot: f3144f75-e985-47aa-96bc-b69915bc3e6f
2026-09-05 13:13:50,397 - BotManager - INFO - Starting bot: 9a77230b-bb7d-41e4-bc54-1f6a6d65a814
2026-09-05 13:13:52,029 - BotManager - INFO - Bot d1d905aa-c338-40d6-9cc2-e4b452f374b9 started successfully!
2026-09-05 13:13:52,030 - BotManager - INFO - Bot d1d905aa-c338-40d6-9cc2-e4b452f374b9: 12h reminder task started.
2026-09-05 13:13:52,031 - BotManager - INFO - Bot 5542fc01-651b-4db9-ac26-0f56ac329ef9 started successfully!
2026-09-05 13:13:52,032 - BotManager - INFO - Bot 5542fc01-651b-4db9-ac26-0f56ac329ef9: 12h reminder task started.
2026-09-05 13:13:52,045 - BotManager - INFO - Bot 63a8fb0f-0b30-40e1-b1c0-9e85f93c7bc0 started successfully!
2026-09-05 13:13:52,045 - BotManager - INFO - Bot 63a8fb0f-0b30-40e1-b1c0-9e85f93c7bc0: 12h reminder task started.
2026-09-05 13:13:52,050 - BotManager - INFO - Bot 2d250812-83d4-4101-9a49-68ccd475b78c started successfully!
2026-09-05 13:13:52,050 - BotManager - INFO - Bot 2d250812-83d4-4101-9a49-68ccd475b78c: 12h reminder task started.
2026-09-05 13:13:52,093 - BotManager - INFO - Bot 80b3cc75-40e6-469f-85b0-dcf2f00b3565 started successfully!
2026-09-05 13:13:52,094 - BotManager - INFO - Bot 80b3cc75-40e6-469f-85b0-dcf2f00b3565: 12h reminder task started.
2026-09-05 13:13:52,128 - BotManager - ERROR - Failed to start bot 5e27ec16-8975-47e9-aff4-9012a6679125: Bot token expired (caused by ImportBotAuthorizationRequest)
2026-09-05 13:13:52,136 - BotManager - ERROR - Failed to start bot 6dc0ad74-df4f-4494-bafa-814999a65ca8: Bot token expired (caused by ImportBotAuthorizationRequest)
2026-09-05 13:13:52,207 - BotManager - INFO - Realtime subscriptions active. Monitoring for database changes...
2026-09-05 13:13:53,500 - BotManager - ERROR - Failed to start bot 784e2269-9257-4a14-a229-a62682a4484e: Bot token expired (caused by ImportBotAuthorizationRequest)
2026-09-05 13:13:53,738 - BotManager - ERROR - Failed to start bot 4f4b03bb-3db4-4e4d-9f41-89ea8b36d04f: Bot token expired (caused by ImportBotAuthorizationRequest)
2026-09-05 13:13:54,360 - BotManager - ERROR - Failed to start bot d0e30c83-890a-4bac-9895-0aed561e65d9: Bot token expired (caused by ImportBotAuthorizationRequest)
2026-09-05 13:13:54,367 - BotManager - ERROR - Failed to start bot 86e82f6c-e66f-4b93-bd48-470de6bee501: Bot token expired (caused by ImportBotAuthorizationRequest)
2026-09-05 13:13:55,120 - BotManager - ERROR - Failed to start bot b424e21b-044f-426e-90d9-1f6fbb84bf1e: Bot token expired (caused by ImportBotAuthorizationRequest)
2026-09-05 13:13:55,122 - BotManager - ERROR - Failed to start bot 7f4ab634-55a2-4ad4-9317-23704deb00a8: The provided token is not valid (caused by ImportBotAuthorizationRequest)
2026-09-05 13:13:55,380 - BotManager - ERROR - Failed to start bot aeb96905-2373-4c6e-8d9e-878a0ae4e221: The provided token is not valid (caused by ImportBotAuthorizationRequest)
2026-09-05 13:13:55,665 - BotManager - ERROR - Failed to start bot dd6bb724-8b73-4617-8116-18c14524ab87: The provided token is not valid (caused by ImportBotAuthorizationRequest)
2026-09-05 13:14:17,755 - BotManager - INFO - Bot Manager Started (Async Realtime Mode). Setting up listeners...
2026-09-05 13:14:17,772 - BotManager - INFO - Synchronizing bots with database...
2026-09-05 13:14:19,626 - BotManager - INFO - Starting bot: 5542fc01-651b-4db9-ac26-0f56ac329ef9
2026-09-05 13:14:19,636 - BotManager - INFO - Starting bot: 2d250812-83d4-4101-9a49-68ccd475b78c
2026-09-05 13:14:19,646 - BotManager - INFO - Starting bot: 292a9341-f6f7-4719-acac-a04e63c4bc40
2026-09-05 13:14:19,648 - BotManager - INFO - Starting bot: 5ec80d9e-a89e-4bf7-93ec-1fc356e6226f
2026-09-05 13:14:19,650 - BotManager - INFO - Starting bot: 4f4b03bb-3db4-4e4d-9f41-89ea8b36d04f
2026-09-05 13:14:19,652 - BotManager - INFO - Starting bot: 63a8fb0f-0b30-40e1-b1c0-9e85f93c7bc0
2026-09-05 13:14:19,660 - BotManager - INFO - Starting bot: 6dc0ad74-df4f-4494-bafa-814999a65ca8
2026-09-05 13:14:19,662 - BotManager - INFO - Starting bot: aeb96905-2373-4c6e-8d9e-878a0ae4e221
2026-09-05 13:14:19,665 - BotManager - INFO - Starting bot: c1a4d5ee-69f0-4025-aa26-a783e443589f
2026-09-05 13:14:19,667 - BotManager - INFO - Starting bot: b424e21b-044f-426e-90d9-1f6fbb84bf1e
2026-09-05 13:14:19,670 - BotManager - INFO - Starting bot: 80b3cc75-40e6-469f-85b0-dcf2f00b3565
2026-09-05 13:14:19,683 - BotManager - INFO - Starting bot: 81b05478-392f-4c74-ab2d-f50c0d9626d7
2026-09-05 13:14:19,685 - BotManager - INFO - Starting bot: 098d835d-dae9-4eec-932b-cad93336f7ff
2026-09-05 13:14:19,688 - BotManager - INFO - Starting bot: 5e27ec16-8975-47e9-aff4-9012a6679125
2026-09-05 13:14:19,690 - BotManager - INFO - Starting bot: 784e2269-9257-4a14-a229-a62682a4484e
2026-09-05 13:14:19,693 - BotManager - INFO - Starting bot: 86e82f6c-e66f-4b93-bd48-470de6bee501
2026-09-05 13:14:19,695 - BotManager - INFO - Starting bot: d1d905aa-c338-40d6-9cc2-e4b452f374b9
2026-09-05 13:14:19,704 - BotManager - INFO - Starting bot: 8aa85dfe-46fa-4217-b6f0-58c2d3c613e4
2026-09-05 13:14:19,707 - BotManager - INFO - Starting bot: beb7f1df-76be-475e-8310-243a2efc3f85
2026-09-05 13:14:19,709 - BotManager - INFO - Starting bot: 115dd97e-20f6-4c20-8978-7e47933d2ed0
2026-09-05 13:14:19,712 - BotManager - INFO - Starting bot: 84c3f0c6-b0e9-428a-9049-a3068aae0d52
2026-09-05 13:14:19,715 - BotManager - INFO - Starting bot: dd6bb724-8b73-4617-8116-18c14524ab87
2026-09-05 13:14:19,717 - BotManager - INFO - Starting bot: d0ed5c02-5d1b-4616-b8c4-1efa27f5c2d7
2026-09-05 13:14:19,720 - BotManager - INFO - Starting bot: 7f4ab634-55a2-4ad4-9317-23704deb00a8
2026-09-05 13:14:19,722 - BotManager - INFO - Starting bot: d0e30c83-890a-4bac-9895-0aed561e65d9
2026-09-05 13:14:19,724 - BotManager - INFO - Starting bot: e5876354-8701-4744-b404-0726a699c2f5
2026-09-05 13:14:19,726 - BotManager - INFO - Starting bot: f3144f75-e985-47aa-96bc-b69915bc3e6f
2026-09-05 13:14:19,729 - BotManager - INFO - Starting bot: 9a77230b-bb7d-41e4-bc54-1f6a6d65a814
2026-09-05 13:14:20,522 - BotManager - INFO - Bot 5542fc01-651b-4db9-ac26-0f56ac329ef9 started successfully!
2026-09-05 13:14:20,523 - BotManager - INFO - Bot 5542fc01-651b-4db9-ac26-0f56ac329ef9: 12h reminder task started.
2026-09-05 13:14:20,533 - BotManager - INFO - Bot c1a4d5ee-69f0-4025-aa26-a783e443589f started successfully!
2026-09-05 13:14:20,533 - BotManager - INFO - Bot c1a4d5ee-69f0-4025-aa26-a783e443589f: 12h reminder task started.
2026-09-05 13:14:20,536 - BotManager - INFO - Bot 2d250812-83d4-4101-9a49-68ccd475b78c started successfully!
2026-09-05 13:14:20,536 - BotManager - INFO - Bot 2d250812-83d4-4101-9a49-68ccd475b78c: 12h reminder task started.
2026-09-05 13:14:20,608 - BotManager - INFO - Bot d1d905aa-c338-40d6-9cc2-e4b452f374b9 started successfully!
2026-09-05 13:14:20,608 - BotManager - INFO - Bot d1d905aa-c338-40d6-9cc2-e4b452f374b9: 12h reminder task started.
2026-09-05 13:14:20,611 - BotManager - ERROR - Failed to start bot 784e2269-9257-4a14-a229-a62682a4484e: Bot token expired (caused by ImportBotAuthorizationRequest)
2026-09-05 13:14:20,625 - BotManager - INFO - Bot 63a8fb0f-0b30-40e1-b1c0-9e85f93c7bc0 started successfully!
2026-09-05 13:14:20,626 - BotManager - INFO - Bot 63a8fb0f-0b30-40e1-b1c0-9e85f93c7bc0: 12h reminder task started.
2026-09-05 13:14:20,632 - BotManager - INFO - Bot 80b3cc75-40e6-469f-85b0-dcf2f00b3565 started successfully!
2026-09-05 13:14:20,632 - BotManager - INFO - Bot 80b3cc75-40e6-469f-85b0-dcf2f00b3565: 12h reminder task started.
2026-09-05 13:14:20,769 - BotManager - ERROR - Failed to start bot 5e27ec16-8975-47e9-aff4-9012a6679125: Bot token expired (caused by ImportBotAuthorizationRequest)
2026-09-05 13:14:20,770 - BotManager - ERROR - Failed to start bot 6dc0ad74-df4f-4494-bafa-814999a65ca8: Bot token expired (caused by ImportBotAuthorizationRequest)
2026-09-05 13:14:20,771 - BotManager - INFO - Bot 098d835d-dae9-4eec-932b-cad93336f7ff started successfully!
2026-09-05 13:14:20,771 - BotManager - INFO - Bot 098d835d-dae9-4eec-932b-cad93336f7ff: 12h reminder task started.
2026-09-05 13:14:21,011 - BotManager - INFO - Realtime subscriptions active. Monitoring for database changes...
2026-09-05 13:14:21,015 - BotManager - INFO - Bot 292a9341-f6f7-4719-acac-a04e63c4bc40 started successfully!
2026-09-05 13:14:21,015 - BotManager - INFO - Bot 292a9341-f6f7-4719-acac-a04e63c4bc40: 12h reminder task started.
2026-09-05 13:14:21,075 - BotManager - INFO - Bot 84c3f0c6-b0e9-428a-9049-a3068aae0d52 started successfully!
2026-09-05 13:14:21,075 - BotManager - INFO - Bot 84c3f0c6-b0e9-428a-9049-a3068aae0d52: 12h reminder task started.
2026-09-05 13:14:21,076 - BotManager - INFO - Bot 115dd97e-20f6-4c20-8978-7e47933d2ed0 started successfully!
2026-09-05 13:14:21,076 - BotManager - INFO - Bot 115dd97e-20f6-4c20-8978-7e47933d2ed0: 12h reminder task started.
2026-09-05 13:14:21,333 - BotManager - ERROR - Failed to start bot aeb96905-2373-4c6e-8d9e-878a0ae4e221: The provided token is not valid (caused by ImportBotAuthorizationRequest)
2026-09-05 13:14:21,336 - BotManager - ERROR - Failed to start bot d0e30c83-890a-4bac-9895-0aed561e65d9: Bot token expired (caused by ImportBotAuthorizationRequest)
2026-09-05 13:14:21,386 - BotManager - ERROR - Failed to start bot 7f4ab634-55a2-4ad4-9317-23704deb00a8: The provided token is not valid (caused by ImportBotAuthorizationRequest)
2026-09-05 13:14:21,397 - BotManager - ERROR - Failed to start bot 4f4b03bb-3db4-4e4d-9f41-89ea8b36d04f: Bot token expired (caused by ImportBotAuthorizationRequest)
2026-09-05 13:14:21,402 - BotManager - ERROR - Failed to start bot dd6bb724-8b73-4617-8116-18c14524ab87: The provided token is not valid (caused by ImportBotAuthorizationRequest)
2026-09-05 13:14:21,412 - BotManager - ERROR - Failed to start bot b424e21b-044f-426e-90d9-1f6fbb84bf1e: Bot token expired (caused by ImportBotAuthorizationRequest)
2026-09-05 13:14:21,444 - BotManager - ERROR - Failed to start bot 86e82f6c-e66f-4b93-bd48-470de6bee501: Bot token expired (caused by ImportBotAuthorizationRequest)
2026-09-05 13:14:22,072 - BotManager - INFO - Bot 5ec80d9e-a89e-4bf7-93ec-1fc356e6226f started successfully!
2026-09-05 13:14:22,073 - BotManager - INFO - Bot 5ec80d9e-a89e-4bf7-93ec-1fc356e6226f: 12h reminder task started.
2026-09-05 13:14:22,084 - BotManager - INFO - Bot 81b05478-392f-4c74-ab2d-f50c0d9626d7 started successfully!
2026-09-05 13:14:22,084 - BotManager - INFO - Bot 81b05478-392f-4c74-ab2d-f50c0d9626d7: 12h reminder task started.
2026-09-05 13:14:22,125 - BotManager - INFO - Bot 9a77230b-bb7d-41e4-bc54-1f6a6d65a814 started successfully!
2026-09-05 13:14:22,125 - BotManager - INFO - Bot 9a77230b-bb7d-41e4-bc54-1f6a6d65a814: 12h reminder task started.
2026-09-05 13:14:22,161 - BotManager - INFO - Bot f3144f75-e985-47aa-96bc-b69915bc3e6f started successfully!
2026-09-05 13:14:22,162 - BotManager - INFO - Bot f3144f75-e985-47aa-96bc-b69915bc3e6f: 12h reminder task started.
2026-09-05 13:14:22,221 - BotManager - INFO - Bot 8aa85dfe-46fa-4217-b6f0-58c2d3c613e4 started successfully!
2026-09-05 13:14:22,222 - BotManager - INFO - Bot 8aa85dfe-46fa-4217-b6f0-58c2d3c613e4: 12h reminder task started.
2026-09-05 13:14:22,224 - BotManager - INFO - Bot e5876354-8701-4744-b404-0726a699c2f5 started successfully!
2026-09-05 13:14:22,224 - BotManager - INFO - Bot e5876354-8701-4744-b404-0726a699c2f5: 12h reminder task started.
2026-09-05 13:14:22,398 - BotManager - INFO - Bot d0ed5c02-5d1b-4616-b8c4-1efa27f5c2d7 started successfully!
2026-09-05 13:14:22,398 - BotManager - INFO - Bot d0ed5c02-5d1b-4616-b8c4-1efa27f5c2d7: 12h reminder task started.
2026-09-05 13:14:22,728 - BotManager - INFO - Bot c1a4d5ee-69f0-4025-aa26-a783e443589f: Starting invite links auto-fetch for channel -1003859281246...
2026-09-05 13:14:23,318 - BotManager - INFO - Bot beb7f1df-76be-475e-8310-243a2efc3f85 started successfully!
2026-09-05 13:14:23,318 - BotManager - INFO - Bot beb7f1df-76be-475e-8310-243a2efc3f85: 12h reminder task started.
2026-09-05 13:14:23,799 - BotManager - INFO - Bot c1a4d5ee-69f0-4025-aa26-a783e443589f: Found 1 invite link(s) for channel -1003859281246.
2026-09-05 13:14:24,248 - BotManager - INFO - Bot c1a4d5ee-69f0-4025-aa26-a783e443589f: Auto-imported invite link: https://t.me/+F8B7YvpepAJlNzVl ('Primary Channel Link')
2026-09-05 13:14:24,288 - BotManager - INFO - Bot 5ec80d9e-a89e-4bf7-93ec-1fc356e6226f: Starting invite links auto-fetch for channel -1003708880140...
2026-09-05 13:14:24,408 - BotManager - INFO - Bot 9a77230b-bb7d-41e4-bc54-1f6a6d65a814: Starting invite links auto-fetch for channel -1003923823436...
2026-09-05 13:14:24,446 - BotManager - INFO - Bot e5876354-8701-4744-b404-0726a699c2f5: Starting invite links auto-fetch for channel -1004318725539...
2026-09-05 13:14:24,763 - BotManager - INFO - Bot f3144f75-e985-47aa-96bc-b69915bc3e6f: Starting invite links auto-fetch for channel -1001969813867...
2026-09-05 13:14:24,793 - BotManager - INFO - Realtime Event: RealtimePostgresChangesListenEvent.Update on tg_bot_channel_mappings
2026-09-05 13:14:24,794 - BotManager - INFO - Synchronizing bots with database...
2026-09-05 13:14:25,214 - BotManager - INFO - Bot 5ec80d9e-a89e-4bf7-93ec-1fc356e6226f: Found 1 invite link(s) for channel -1003708880140.
2026-09-05 13:14:25,404 - BotManager - INFO - Bot 9a77230b-bb7d-41e4-bc54-1f6a6d65a814: Found 1 invite link(s) for channel -1003923823436.
2026-09-05 13:14:25,593 - BotManager - INFO - Bot 5ec80d9e-a89e-4bf7-93ec-1fc356e6226f: Auto-imported invite link: https://t.me/+UDgAWmscyb9iN2M1 ('Primary Channel Link')
2026-09-05 13:14:25,759 - BotManager - WARNING - Bot e5876354-8701-4744-b404-0726a699c2f5: Fallback export failed: Chat admin privileges are required to do that in the specified chat (for example, to send a message in a channel which is not yours), or invalid permissions used for the channel or group (caused by ExportChatInviteRequest)
2026-09-05 13:14:25,760 - BotManager - INFO - Bot e5876354-8701-4744-b404-0726a699c2f5: Found 0 invite link(s) for channel -1004318725539.
2026-09-05 13:14:25,799 - BotManager - INFO - Bot 9a77230b-bb7d-41e4-bc54-1f6a6d65a814: Auto-imported invite link: https://t.me/+KoSpMVtz03Q1NmNl ('Primary Channel Link')
2026-09-05 13:14:26,058 - BotManager - INFO - Realtime Event: RealtimePostgresChangesListenEvent.Update on tg_bot_channel_mappings
2026-09-05 13:14:26,060 - BotManager - INFO - Realtime Event: RealtimePostgresChangesListenEvent.Update on tg_bot_channel_mappings
2026-09-05 13:14:26,062 - BotManager - INFO - Realtime Event: RealtimePostgresChangesListenEvent.Update on tg_bot_channel_mappings
2026-09-05 13:14:26,062 - BotManager - INFO - Synchronizing bots with database...
2026-09-05 13:14:26,063 - BotManager - INFO - Synchronizing bots with database...
2026-09-05 13:14:26,064 - BotManager - INFO - Synchronizing bots with database...
2026-09-05 13:14:26,240 - BotManager - INFO - Bot f3144f75-e985-47aa-96bc-b69915bc3e6f: Found 1 invite link(s) for channel -1001969813867.
2026-09-05 13:14:26,624 - BotManager - INFO - Bot f3144f75-e985-47aa-96bc-b69915bc3e6f: Auto-imported invite link: https://t.me/+ocVqDagNkFE4NjM1 ('Primary Channel Link')
2026-09-05 13:14:27,506 - BotManager - INFO - Realtime Event: RealtimePostgresChangesListenEvent.Update on tg_bot_channel_mappings
2026-09-05 13:14:27,507 - BotManager - INFO - Synchronizing bots with database...
2026-09-05 13:14:51,026 - BotManager - INFO - Synchronizing bots with database...
2026-09-05 13:15:23,067 - BotManager - INFO - Synchronizing bots with database...
2026-09-05 13:15:55,095 - BotManager - INFO - Synchronizing bots with database...
2026-09-05 13:16:27,148 - BotManager - INFO - Synchronizing bots with database...
2026-09-05 13:16:31,525 - BotManager - INFO - Bot f3144f75-e985-47aa-96bc-b69915bc3e6f: Auto-detected channel via ChatAction: 'Wealth Wise' (1969813867)
2026-09-05 13:16:31,525 - BotManager - INFO - Bot f3144f75-e985-47aa-96bc-b69915bc3e6f: DETECTED LEAVE - User 6300652382 from Chat 1969813867
2026-09-05 13:16:31,527 - BotManager - INFO - Bot f3144f75-e985-47aa-96bc-b69915bc3e6f: Starting invite links auto-fetch for channel -1001969813867...
2026-09-05 13:16:31,645 - BotManager - INFO - Realtime Event: RealtimePostgresChangesListenEvent.Insert on tg_tracker
2026-09-05 13:16:31,646 - BotManager - INFO - Synchronizing bots with database...
2026-09-05 13:16:31,724 - BotManager - INFO - Bot f3144f75-e985-47aa-96bc-b69915bc3e6f: Admin update detected on channel 1969813867. Running auto-detection & link sync...
2026-09-05 13:16:32,976 - BotManager - INFO - Bot f3144f75-e985-47aa-96bc-b69915bc3e6f: Found 1 invite link(s) for channel -1001969813867.
2026-09-05 13:16:33,401 - BotManager - INFO - Bot f3144f75-e985-47aa-96bc-b69915bc3e6f: Auto-imported invite link: https://t.me/+FQwzmYOtv7JlY2U1 ('Primary Channel Link')
2026-09-05 13:16:33,559 - BotManager - INFO - Starting bot: 904d7c2a-22e0-4c3d-8112-e21964265bb2
2026-09-05 13:16:33,846 - BotManager - INFO - Bot f3144f75-e985-47aa-96bc-b69915bc3e6f: Starting invite links auto-fetch for channel -1001969813867...
2026-09-05 13:16:33,899 - BotManager - INFO - Realtime Event: RealtimePostgresChangesListenEvent.Update on tg_bot_channel_mappings
2026-09-05 13:16:33,900 - BotManager - INFO - Synchronizing bots with database...
2026-09-05 13:16:35,245 - BotManager - INFO - Bot f3144f75-e985-47aa-96bc-b69915bc3e6f: Found 1 invite link(s) for channel -1001969813867.
2026-09-05 13:16:35,622 - BotManager - INFO - Bot f3144f75-e985-47aa-96bc-b69915bc3e6f: Auto-imported invite link: https://t.me/+ZOSq-l5B8PMyMWJl ('Primary Channel Link')
2026-09-05 13:16:36,797 - BotManager - INFO - Realtime Event: RealtimePostgresChangesListenEvent.Update on tg_bot_channel_mappings
2026-09-05 13:16:36,798 - BotManager - INFO - Synchronizing bots with database...
2026-09-05 13:16:38,307 - BotManager - INFO - Bot 904d7c2a-22e0-4c3d-8112-e21964265bb2 started successfully!
2026-09-05 13:16:38,312 - BotManager - INFO - Bot 904d7c2a-22e0-4c3d-8112-e21964265bb2: 12h reminder task started.
2026-09-05 13:16:59,133 - BotManager - INFO - Synchronizing bots with database...
2026-09-05 13:17:31,337 - BotManager - INFO - Synchronizing bots with database...
2026-09-05 13:17:43,573 - BotManager - INFO - Realtime Event: RealtimePostgresChangesListenEvent.Update on tg_tracker
2026-09-05 13:17:43,574 - BotManager - INFO - Synchronizing bots with database...
2026-09-05 13:18:03,284 - BotManager - INFO - Synchronizing bots with database...
2026-09-05 13:18:36,338 - BotManager - INFO - Synchronizing bots with database...
2026-09-05 13:19:08,340 - BotManager - INFO - Synchronizing bots with database...
2026-09-05 13:19:40,295 - BotManager - INFO - Synchronizing bots with database...
2026-09-05 13:20:12,177 - BotManager - INFO - Synchronizing bots with database...
2026-09-05 13:20:29,019 - BotManager - INFO - Realtime Event: RealtimePostgresChangesListenEvent.Delete on tg_tracker
2026-09-05 13:20:29,020 - BotManager - INFO - Synchronizing bots with database...
2026-09-05 13:20:30,685 - BotManager - INFO - Bot 904d7c2a-22e0-4c3d-8112-e21964265bb2 stopping...
2026-09-05 13:20:44,121 - BotManager - INFO - Synchronizing bots with database...
2026-09-05 13:20:53,399 - BotManager - INFO - Realtime Event: RealtimePostgresChangesListenEvent.Insert on tg_tracker
2026-09-05 13:20:53,401 - BotManager - INFO - Synchronizing bots with database...
2026-09-05 13:20:55,193 - BotManager - INFO - Starting bot: d270361f-0e21-4364-8af3-b5370171fe19
2026-09-05 13:21:00,041 - BotManager - INFO - Bot d270361f-0e21-4364-8af3-b5370171fe19 started successfully!
2026-09-05 13:21:00,042 - BotManager - INFO - Bot d270361f-0e21-4364-8af3-b5370171fe19: 12h reminder task started.
2026-09-05 13:21:16,298 - BotManager - INFO - Synchronizing bots with database...
2026-09-05 13:21:48,336 - BotManager - INFO - Synchronizing bots with database...
2026-09-05 13:22:20,321 - BotManager - INFO - Synchronizing bots with database...
2026-09-05 13:22:52,510 - BotManager - INFO - Synchronizing bots with database...
2026-09-05 13:22:59,833 - BotManager - INFO - Bot d270361f-0e21-4364-8af3-b5370171fe19: Auto-detected channel via ChatAction: 'META TRADER' (1416711084)
2026-09-05 13:22:59,833 - BotManager - INFO - Bot d270361f-0e21-4364-8af3-b5370171fe19: Admin update detected on channel 1416711084. Running auto-detection & link sync...
2026-09-05 13:22:59,833 - BotManager - INFO - Bot d270361f-0e21-4364-8af3-b5370171fe19: Starting invite links auto-fetch for channel -1001416711084...
2026-09-05 13:23:01,187 - BotManager - INFO - Bot d270361f-0e21-4364-8af3-b5370171fe19: Found 1 invite link(s) for channel -1001416711084.
2026-09-05 13:23:01,325 - BotManager - INFO - Bot d270361f-0e21-4364-8af3-b5370171fe19: Starting invite links auto-fetch for channel -1001416711084...
2026-09-05 13:23:01,532 - BotManager - INFO - Bot d270361f-0e21-4364-8af3-b5370171fe19: Auto-imported invite link: https://t.me/+O7tbLNBWmIw4MWE1 ('Primary Channel Link')
2026-09-05 13:23:02,951 - BotManager - INFO - Bot d270361f-0e21-4364-8af3-b5370171fe19: Found 1 invite link(s) for channel -1001416711084.
2026-09-05 13:23:03,314 - BotManager - INFO - Bot d270361f-0e21-4364-8af3-b5370171fe19: Auto-imported invite link: https://t.me/+3jxGf8HG3-wyMzdl ('Primary Channel Link')
2026-09-05 13:23:24,497 - BotManager - INFO - Synchronizing bots with database...
2026-09-05 13:23:40,269 - BotManager - INFO - Realtime Event: RealtimePostgresChangesListenEvent.Insert on tg_bot_channel_mappings
2026-09-05 13:23:40,270 - BotManager - INFO - Synchronizing bots with database...
2026-09-05 13:23:40,277 - BotManager - INFO - Realtime Event: RealtimePostgresChangesListenEvent.Update on tg_tracker
2026-09-05 13:23:40,278 - BotManager - INFO - Synchronizing bots with database...
2026-09-05 13:23:42,019 - BotManager - INFO - Triggering on-demand invite link sync for bot d270361f-0e21-4364-8af3-b5370171fe19, channel 1416711084...
2026-09-05 13:23:42,020 - BotManager - INFO - Bot d270361f-0e21-4364-8af3-b5370171fe19: Starting invite links auto-fetch for channel -1001416711084...
2026-09-05 13:23:42,337 - BotManager - INFO - Triggering on-demand invite link sync for bot d270361f-0e21-4364-8af3-b5370171fe19, channel 1416711084...
2026-09-05 13:23:42,339 - BotManager - INFO - Bot d270361f-0e21-4364-8af3-b5370171fe19: Starting invite links auto-fetch for channel -1001416711084...
2026-09-05 13:23:43,347 - BotManager - INFO - Bot d270361f-0e21-4364-8af3-b5370171fe19: Auto-detected channel via ChatAction: 'META TRADER' (1416711084)
2026-09-05 13:23:43,348 - BotManager - INFO - Bot d270361f-0e21-4364-8af3-b5370171fe19: DETECTED JOIN - User 8643401390 in Chat 1416711084
2026-09-05 13:23:43,349 - BotManager - INFO - Bot d270361f-0e21-4364-8af3-b5370171fe19: Starting invite links auto-fetch for channel -1001416711084...
2026-09-05 13:23:43,491 - BotManager - INFO - Bot d270361f-0e21-4364-8af3-b5370171fe19: Auto-detected channel via ChatAction: 'META TRADER' (1416711084)
2026-09-05 13:23:43,492 - BotManager - INFO - Bot d270361f-0e21-4364-8af3-b5370171fe19: DETECTED JOIN - User 8702825921 in Chat 1416711084
2026-09-05 13:23:43,494 - BotManager - INFO - Bot d270361f-0e21-4364-8af3-b5370171fe19: Starting invite links auto-fetch for channel -1001416711084...
2026-09-05 13:23:43,682 - BotManager - INFO - Bot d270361f-0e21-4364-8af3-b5370171fe19: Found 1 invite link(s) for channel -1001416711084.
2026-09-05 13:23:43,717 - BotManager - INFO - Bot d270361f-0e21-4364-8af3-b5370171fe19: Admin update detected on channel 1416711084. Running auto-detection & link sync...
2026-09-05 13:23:43,872 - BotManager - INFO - Bot d270361f-0e21-4364-8af3-b5370171fe19: Admin update detected on channel 1416711084. Running auto-detection & link sync...
2026-09-05 13:23:44,068 - BotManager - INFO - Bot d270361f-0e21-4364-8af3-b5370171fe19: Auto-imported invite link: https://t.me/+UoC5VwJBa6BjNWJl ('Primary Channel Link')
2026-09-05 13:23:44,458 - BotManager - INFO - Bot d270361f-0e21-4364-8af3-b5370171fe19: Found 1 invite link(s) for channel -1001416711084.
2026-09-05 13:23:44,701 - BotManager - INFO - Realtime Event: RealtimePostgresChangesListenEvent.Update on tg_bot_channel_mappings
2026-09-05 13:23:44,701 - BotManager - INFO - Synchronizing bots with database...
2026-09-05 13:23:44,836 - BotManager - INFO - Bot d270361f-0e21-4364-8af3-b5370171fe19: Auto-imported invite link: https://t.me/+fzKV4hXDCNQ4MDg9 ('Primary Channel Link')
2026-09-05 13:23:45,094 - BotManager - INFO - Bot d270361f-0e21-4364-8af3-b5370171fe19: Starting invite links auto-fetch for channel -1001416711084...
2026-09-05 13:23:45,229 - BotManager - INFO - Bot d270361f-0e21-4364-8af3-b5370171fe19: Starting invite links auto-fetch for channel -1001416711084...
2026-09-05 13:23:45,318 - BotManager - INFO - Bot d270361f-0e21-4364-8af3-b5370171fe19: Found 1 invite link(s) for channel -1001416711084.
2026-09-05 13:23:45,521 - BotManager - INFO - Realtime Event: RealtimePostgresChangesListenEvent.Update on tg_bot_channel_mappings
2026-09-05 13:23:45,522 - BotManager - INFO - Synchronizing bots with database...
2026-09-05 13:23:45,568 - BotManager - INFO - Bot d270361f-0e21-4364-8af3-b5370171fe19: Found 1 invite link(s) for channel -1001416711084.
2026-09-05 13:23:45,996 - BotManager - INFO - Bot d270361f-0e21-4364-8af3-b5370171fe19: Auto-imported invite link: https://t.me/+-YJr_QgQ0gY3OWVl ('Primary Channel Link')
2026-09-05 13:23:45,999 - BotManager - INFO - Bot d270361f-0e21-4364-8af3-b5370171fe19: Auto-imported invite link: https://t.me/+Ra8uZlv6mTAwNzY9 ('Primary Channel Link')
2026-09-05 13:23:46,686 - BotManager - INFO - Bot d270361f-0e21-4364-8af3-b5370171fe19: Found 1 invite link(s) for channel -1001416711084.
2026-09-05 13:23:46,703 - BotManager - INFO - Realtime Event: RealtimePostgresChangesListenEvent.Update on tg_bot_channel_mappings
2026-09-05 13:23:46,703 - BotManager - INFO - Synchronizing bots with database...
2026-09-05 13:23:46,715 - BotManager - INFO - Realtime Event: RealtimePostgresChangesListenEvent.Update on tg_bot_channel_mappings
2026-09-05 13:23:46,715 - BotManager - INFO - Synchronizing bots with database...
2026-09-05 13:23:47,074 - BotManager - INFO - Bot d270361f-0e21-4364-8af3-b5370171fe19: Auto-imported invite link: https://t.me/+d2L4T2SNN60wZjVl ('Primary Channel Link')
2026-09-05 13:23:47,438 - BotManager - INFO - Realtime Event: RealtimePostgresChangesListenEvent.Update on tg_bot_channel_mappings
2026-09-05 13:23:47,439 - BotManager - INFO - Synchronizing bots with database...
2026-09-05 13:23:49,905 - BotManager - INFO - Bot d270361f-0e21-4364-8af3-b5370171fe19: Found 1 invite link(s) for channel -1001416711084.
2026-09-05 13:23:50,281 - BotManager - INFO - Bot d270361f-0e21-4364-8af3-b5370171fe19: Auto-imported invite link: https://t.me/+4eRugO6fnb0wOGM1 ('Primary Channel Link')
2026-09-05 13:23:50,797 - BotManager - INFO - Realtime Event: RealtimePostgresChangesListenEvent.Update on tg_bot_channel_mappings
2026-09-05 13:23:50,798 - BotManager - INFO - Synchronizing bots with database...
2026-09-05 13:23:56,527 - BotManager - INFO - Synchronizing bots with database...
2026-09-05 13:24:28,481 - BotManager - INFO - Synchronizing bots with database...
2026-09-05 13:25:00,406 - BotManager - INFO - Synchronizing bots with database...
2026-09-05 13:25:32,363 - BotManager - INFO - Synchronizing bots with database...
2026-09-05 13:25:50,992 - BotManager - INFO - Bot d270361f-0e21-4364-8af3-b5370171fe19: Auto-detected channel via ChatAction: 'META TRADER' (1416711084)
2026-09-05 13:25:50,993 - BotManager - INFO - Bot d270361f-0e21-4364-8af3-b5370171fe19: DETECTED JOIN - User 8823861785 in Chat 1416711084
2026-09-05 13:25:50,995 - BotManager - INFO - Bot d270361f-0e21-4364-8af3-b5370171fe19: Starting invite links auto-fetch for channel -1001416711084...
2026-09-05 13:25:51,359 - BotManager - INFO - Bot d270361f-0e21-4364-8af3-b5370171fe19: Admin update detected on channel 1416711084. Running auto-detection & link sync...
2026-09-05 13:25:52,665 - BotManager - INFO - Bot d270361f-0e21-4364-8af3-b5370171fe19: Found 1 invite link(s) for channel -1001416711084.
2026-09-05 13:25:52,683 - BotManager - INFO - Bot d270361f-0e21-4364-8af3-b5370171fe19: Starting invite links auto-fetch for channel -1001416711084...
2026-09-05 13:25:53,047 - BotManager - INFO - Bot d270361f-0e21-4364-8af3-b5370171fe19: Auto-imported invite link: https://t.me/+ypJYF9tIA3UxODY1 ('Primary Channel Link')
2026-09-05 13:25:53,952 - BotManager - INFO - Realtime Event: RealtimePostgresChangesListenEvent.Update on tg_bot_channel_mappings
2026-09-05 13:25:53,952 - BotManager - INFO - Synchronizing bots with database...
2026-09-05 13:25:54,786 - BotManager - INFO - Bot d270361f-0e21-4364-8af3-b5370171fe19: Found 1 invite link(s) for channel -1001416711084.
2026-09-05 13:25:55,140 - BotManager - INFO - Bot d270361f-0e21-4364-8af3-b5370171fe19: Auto-imported invite link: https://t.me/+t-Jjh09kkw81ZDA9 ('Primary Channel Link')
2026-09-05 13:25:56,070 - BotManager - INFO - Realtime Event: RealtimePostgresChangesListenEvent.Update on tg_bot_channel_mappings
2026-09-05 13:25:56,070 - BotManager - INFO - Synchronizing bots with database...
2026-09-05 13:26:04,326 - BotManager - INFO - Synchronizing bots with database...
2026-09-05 13:26:36,339 - BotManager - INFO - Synchronizing bots with database...
2026-09-05 13:27:08,572 - BotManager - INFO - Synchronizing bots with database...
2026-09-05 13:27:40,611 - BotManager - INFO - Synchronizing bots with database...
2026-09-05 13:28:12,772 - BotManager - INFO - Synchronizing bots with database...
2026-09-05 13:28:44,723 - BotManager - INFO - Synchronizing bots with database...
2026-09-05 13:29:16,695 - BotManager - INFO - Synchronizing bots with database...
2026-09-05 13:29:24,071 - BotManager - INFO - Bot 2d250812-83d4-4101-9a49-68ccd475b78c: Auto-detected channel via ChatAction: 'Trading Mantra - ( NISM Certified )' (1786801137)
2026-09-05 13:29:24,072 - BotManager - INFO - Bot 2d250812-83d4-4101-9a49-68ccd475b78c: Admin update detected on channel 1786801137. Running auto-detection & link sync...
2026-09-05 13:29:24,073 - BotManager - INFO - Bot 2d250812-83d4-4101-9a49-68ccd475b78c: Starting invite links auto-fetch for channel -1001786801137...
2026-09-05 13:29:24,147 - BotManager - INFO - Bot 2d250812-83d4-4101-9a49-68ccd475b78c: Auto-detected channel via ChatAction: 'Trading Mantra - ( NISM Certified )' (1786801137)
2026-09-05 13:29:24,147 - BotManager - INFO - Bot 2d250812-83d4-4101-9a49-68ccd475b78c: Admin update detected on channel 1786801137. Running auto-detection & link sync...
2026-09-05 13:29:24,148 - BotManager - INFO - Bot 2d250812-83d4-4101-9a49-68ccd475b78c: Starting invite links auto-fetch for channel -1001786801137...
2026-09-05 13:29:24,437 - BotManager - INFO - Bot f3144f75-e985-47aa-96bc-b69915bc3e6f: Auto-detected channel via ChatAction: 'Wealth Wise' (1969813867)
2026-09-05 13:29:24,439 - BotManager - INFO - Bot f3144f75-e985-47aa-96bc-b69915bc3e6f: DETECTED LEAVE - User 6300652382 from Chat 1969813867
2026-09-05 13:29:24,442 - BotManager - INFO - Bot f3144f75-e985-47aa-96bc-b69915bc3e6f: Starting invite links auto-fetch for channel -1001969813867...
2026-09-05 13:29:24,648 - BotManager - INFO - Bot f3144f75-e985-47aa-96bc-b69915bc3e6f: Admin update detected on channel 1969813867. Running auto-detection & link sync...
2026-09-05 13:29:25,205 - BotManager - WARNING - Bot 2d250812-83d4-4101-9a49-68ccd475b78c: Fallback export failed: Chat admin privileges are required to do that in the specified chat (for example, to send a message in a channel which is not yours), or invalid permissions used for the channel or group (caused by ExportChatInviteRequest)
2026-09-05 13:29:25,205 - BotManager - INFO - Bot 2d250812-83d4-4101-9a49-68ccd475b78c: Found 0 invite link(s) for channel -1001786801137.
2026-09-05 13:29:25,250 - BotManager - WARNING - Bot 2d250812-83d4-4101-9a49-68ccd475b78c: Fallback export failed: Chat admin privileges are required to do that in the specified chat (for example, to send a message in a channel which is not yours), or invalid permissions used for the channel or group (caused by ExportChatInviteRequest)
2026-09-05 13:29:25,251 - BotManager - INFO - Bot 2d250812-83d4-4101-9a49-68ccd475b78c: Found 0 invite link(s) for channel -1001786801137.
2026-09-05 13:29:25,858 - BotManager - INFO - Bot f3144f75-e985-47aa-96bc-b69915bc3e6f: Found 1 invite link(s) for channel -1001969813867.
2026-09-05 13:29:25,947 - BotManager - INFO - Bot 2d250812-83d4-4101-9a49-68ccd475b78c: Starting invite links auto-fetch for channel -1001786801137...
2026-09-05 13:29:26,013 - BotManager - INFO - Bot 2d250812-83d4-4101-9a49-68ccd475b78c: Starting invite links auto-fetch for channel -1001786801137...
2026-09-05 13:29:26,342 - BotManager - INFO - Bot f3144f75-e985-47aa-96bc-b69915bc3e6f: Auto-imported invite link: https://t.me/+pRAoa2SDZ5kwYzk1 ('Primary Channel Link')
2026-09-05 13:29:26,700 - BotManager - INFO - Bot f3144f75-e985-47aa-96bc-b69915bc3e6f: Starting invite links auto-fetch for channel -1001969813867...
2026-09-05 13:29:27,043 - BotManager - INFO - Realtime Event: RealtimePostgresChangesListenEvent.Update on tg_bot_channel_mappings
2026-09-05 13:29:27,044 - BotManager - INFO - Synchronizing bots with database...
2026-09-05 13:29:27,048 - BotManager - WARNING - Bot 2d250812-83d4-4101-9a49-68ccd475b78c: Fallback export failed: Chat admin privileges are required to do that in the specified chat (for example, to send a message in a channel which is not yours), or invalid permissions used for the channel or group (caused by ExportChatInviteRequest)
2026-09-05 13:29:27,049 - BotManager - INFO - Bot 2d250812-83d4-4101-9a49-68ccd475b78c: Found 0 invite link(s) for channel -1001786801137.
2026-09-05 13:29:27,217 - BotManager - WARNING - Bot 2d250812-83d4-4101-9a49-68ccd475b78c: Fallback export failed: Chat admin privileges are required to do that in the specified chat (for example, to send a message in a channel which is not yours), or invalid permissions used for the channel or group (caused by ExportChatInviteRequest)
2026-09-05 13:29:27,218 - BotManager - INFO - Bot 2d250812-83d4-4101-9a49-68ccd475b78c: Found 0 invite link(s) for channel -1001786801137.
2026-09-05 13:29:28,134 - BotManager - INFO - Bot f3144f75-e985-47aa-96bc-b69915bc3e6f: Found 1 invite link(s) for channel -1001969813867.
2026-09-05 13:29:28,526 - BotManager - INFO - Bot f3144f75-e985-47aa-96bc-b69915bc3e6f: Auto-imported invite link: https://t.me/+CyTPs7gjz2Y4NzE1 ('Primary Channel Link')
2026-09-05 13:29:29,160 - BotManager - INFO - Realtime Event: RealtimePostgresChangesListenEvent.Update on tg_bot_channel_mappings
2026-09-05 13:29:29,162 - BotManager - INFO - Synchronizing bots with database...
2026-09-05 13:29:48,574 - BotManager - INFO - Synchronizing bots with database...
2026-09-05 13:30:20,756 - BotManager - INFO - Synchronizing bots with database...
2026-09-05 13:30:52,744 - BotManager - INFO - Synchronizing bots with database...
2026-09-05 13:31:24,933 - BotManager - INFO - Synchronizing bots with database...
2026-09-05 13:31:57,144 - BotManager - INFO - Synchronizing bots with database...
2026-09-05 13:32:29,149 - BotManager - INFO - Synchronizing bots with database...
2026-09-05 13:33:01,244 - BotManager - INFO - Synchronizing bots with database...
2026-09-05 13:33:33,353 - BotManager - INFO - Synchronizing bots with database...
2026-09-05 13:34:05,447 - BotManager - INFO - Synchronizing bots with database...
2026-09-05 13:34:37,648 - BotManager - INFO - Synchronizing bots with database...
2026-09-05 13:35:09,768 - BotManager - INFO - Synchronizing bots with database...
2026-09-05 13:35:42,071 - BotManager - INFO - Synchronizing bots with database...
2026-09-05 13:36:14,126 - BotManager - INFO - Synchronizing bots with database...
2026-09-05 13:36:46,335 - BotManager - INFO - Synchronizing bots with database...
2026-09-05 13:37:18,360 - BotManager - INFO - Synchronizing bots with database...
2026-09-05 13:37:50,436 - BotManager - INFO - Synchronizing bots with database...
2026-09-05 13:38:22,364 - BotManager - INFO - Synchronizing bots with database...
2026-09-05 13:38:54,655 - BotManager - INFO - Synchronizing bots with database...
2026-09-05 13:39:26,823 - BotManager - INFO - Synchronizing bots with database...
2026-09-05 13:39:58,824 - BotManager - INFO - Synchronizing bots with database...
2026-09-05 13:40:31,074 - BotManager - INFO - Synchronizing bots with database...
2026-09-05 13:41:03,369 - BotManager - INFO - Synchronizing bots with database...
2026-09-05 13:41:35,476 - BotManager - INFO - Synchronizing bots with database...
2026-09-05 13:41:54,835 - BotManager - INFO - Realtime Event: RealtimePostgresChangesListenEvent.Update on tg_bot_channel_mappings
2026-09-05 13:41:54,836 - BotManager - INFO - Synchronizing bots with database...
2026-09-05 13:42:07,467 - BotManager - INFO - Synchronizing bots with database...
2026-09-05 13:42:39,482 - BotManager - INFO - Synchronizing bots with database...
2026-09-05 13:43:11,655 - BotManager - INFO - Synchronizing bots with database...
2026-09-05 13:43:43,683 - BotManager - INFO - Synchronizing bots with database...
2026-09-05 13:44:15,849 - BotManager - INFO - Synchronizing bots with database...
2026-09-05 13:44:47,849 - BotManager - INFO - Synchronizing bots with database...
2026-09-05 13:45:19,875 - BotManager - INFO - Synchronizing bots with database...
2026-09-05 13:45:52,207 - BotManager - INFO - Synchronizing bots with database...
2026-09-05 13:46:07,828 - BotManager - INFO - Bot d270361f-0e21-4364-8af3-b5370171fe19: User 2093321330 started with payload/slug: qw0vj583mg
2026-09-05 13:46:24,298 - BotManager - INFO - Synchronizing bots with database...
2026-09-05 13:46:56,626 - BotManager - INFO - Synchronizing bots with database...
2026-09-05 13:47:22,438 - BotManager - INFO - Bot d270361f-0e21-4364-8af3-b5370171fe19: Auto-detected channel via ChatAction: 'META TRADER' (1416711084)
2026-09-05 13:47:22,439 - BotManager - INFO - Bot d270361f-0e21-4364-8af3-b5370171fe19: DETECTED JOIN - User 2093321330 in Chat 1416711084
2026-09-05 13:47:22,441 - BotManager - INFO - Bot d270361f-0e21-4364-8af3-b5370171fe19: Starting invite links auto-fetch for channel -1001416711084...
2026-09-05 13:47:22,825 - BotManager - INFO - Bot d270361f-0e21-4364-8af3-b5370171fe19: Admin update detected on channel 1416711084. Running auto-detection & link sync...
2026-09-05 13:47:24,146 - BotManager - INFO - Bot d270361f-0e21-4364-8af3-b5370171fe19: Found 1 invite link(s) for channel -1001416711084.
2026-09-05 13:47:24,211 - BotManager - INFO - Bot d270361f-0e21-4364-8af3-b5370171fe19: Starting invite links auto-fetch for channel -1001416711084...
2026-09-05 13:47:24,526 - BotManager - INFO - Bot d270361f-0e21-4364-8af3-b5370171fe19: Auto-imported invite link: https://t.me/+a-1mo8AmQag0NWRl ('Primary Channel Link')
2026-09-05 13:47:24,962 - BotManager - INFO - Realtime Event: RealtimePostgresChangesListenEvent.Update on tg_bot_channel_mappings
2026-09-05 13:47:24,962 - BotManager - INFO - Synchronizing bots with database...
2026-09-05 13:47:25,823 - BotManager - INFO - Bot d270361f-0e21-4364-8af3-b5370171fe19: Found 1 invite link(s) for channel -1001416711084.
2026-09-05 13:47:26,193 - BotManager - INFO - Bot d270361f-0e21-4364-8af3-b5370171fe19: Auto-imported invite link: https://t.me/+_5uakqhvomhjMjM1 ('Primary Channel Link')
2026-09-05 13:47:26,980 - BotManager - INFO - Realtime Event: RealtimePostgresChangesListenEvent.Update on tg_bot_channel_mappings
2026-09-05 13:47:26,980 - BotManager - INFO - Synchronizing bots with database...
2026-09-05 13:47:28,633 - BotManager - INFO - Synchronizing bots with database...
2026-09-05 13:48:00,602 - BotManager - INFO - Synchronizing bots with database...
2026-09-05 13:48:32,781 - BotManager - INFO - Synchronizing bots with database...
2026-09-05 13:49:04,825 - BotManager - INFO - Synchronizing bots with database...
2026-09-05 13:49:36,872 - BotManager - INFO - Synchronizing bots with database...
2026-09-05 13:50:08,765 - BotManager - INFO - Synchronizing bots with database...
2026-09-05 13:50:40,863 - BotManager - INFO - Synchronizing bots with database...
2026-09-05 13:51:12,939 - BotManager - INFO - Synchronizing bots with database...
2026-09-05 13:51:45,095 - BotManager - INFO - Synchronizing bots with database...
2026-09-05 13:52:00,490 - BotManager - INFO - Bot 115dd97e-20f6-4c20-8978-7e47933d2ed0: Ignoring /start because it has no active channel mappings.
2026-09-05 13:52:17,245 - BotManager - INFO - Synchronizing bots with database...
2026-09-05 13:52:49,240 - BotManager - INFO - Synchronizing bots with database...
2026-09-05 13:52:57,904 - BotManager - INFO - Bot f3144f75-e985-47aa-96bc-b69915bc3e6f: Auto-detected channel via ChatAction: 'Wealth Wise' (1969813867)
2026-09-05 13:52:57,904 - BotManager - INFO - Bot f3144f75-e985-47aa-96bc-b69915bc3e6f: DETECTED LEAVE - User 808556718 from Chat 1969813867
2026-09-05 13:52:57,905 - BotManager - INFO - Bot f3144f75-e985-47aa-96bc-b69915bc3e6f: Starting invite links auto-fetch for channel -1001969813867...
2026-09-05 13:52:58,093 - BotManager - INFO - Bot f3144f75-e985-47aa-96bc-b69915bc3e6f: Admin update detected on channel 1969813867. Running auto-detection & link sync...
2026-09-05 13:52:59,449 - BotManager - INFO - Bot f3144f75-e985-47aa-96bc-b69915bc3e6f: Found 1 invite link(s) for channel -1001969813867.
2026-09-05 13:52:59,820 - BotManager - INFO - Bot f3144f75-e985-47aa-96bc-b69915bc3e6f: Auto-imported invite link: https://t.me/+tDJRUL5-66QzNDk1 ('Primary Channel Link')
2026-09-05 13:53:00,626 - BotManager - INFO - Realtime Event: RealtimePostgresChangesListenEvent.Update on tg_bot_channel_mappings
2026-09-05 13:53:00,627 - BotManager - INFO - Synchronizing bots with database...
2026-09-05 13:53:21,504 - BotManager - INFO - Synchronizing bots with database...
2026-09-05 13:53:21,762 - BotManager - INFO - Bot f3144f75-e985-47aa-96bc-b69915bc3e6f: Starting invite links auto-fetch for channel -1001969813867...
2026-09-05 13:53:23,152 - BotManager - INFO - Bot f3144f75-e985-47aa-96bc-b69915bc3e6f: Found 1 invite link(s) for channel -1001969813867.
2026-09-05 13:53:23,523 - BotManager - INFO - Bot f3144f75-e985-47aa-96bc-b69915bc3e6f: Auto-imported invite link: https://t.me/+78Sr1LGSqgxhZWJl ('Primary Channel Link')
2026-09-05 13:53:24,352 - BotManager - INFO - Realtime Event: RealtimePostgresChangesListenEvent.Update on tg_bot_channel_mappings
2026-09-05 13:53:24,353 - BotManager - INFO - Synchronizing bots with database...
2026-09-05 13:53:53,352 - BotManager - INFO - Synchronizing bots with database...
2026-09-05 13:54:25,494 - BotManager - INFO - Synchronizing bots with database...
2026-09-05 13:54:57,528 - BotManager - INFO - Synchronizing bots with database...
2026-09-05 13:55:29,505 - BotManager - INFO - Synchronizing bots with database...
2026-09-05 13:56:01,540 - BotManager - INFO - Synchronizing bots with database...
2026-09-05 13:56:33,385 - BotManager - INFO - Synchronizing bots with database...
2026-09-05 13:57:05,645 - BotManager - INFO - Synchronizing bots with database...
2026-09-05 13:57:36,600 - BotManager - INFO - Realtime Event: RealtimePostgresChangesListenEvent.Update on tg_bot_channel_mappings
2026-09-05 13:57:36,600 - BotManager - INFO - Synchronizing bots with database...
2026-09-05 13:57:37,947 - BotManager - INFO - Synchronizing bots with database...
2026-09-05 13:57:38,691 - BotManager - INFO - Realtime Event: RealtimePostgresChangesListenEvent.Update on tg_bot_channel_mappings
2026-09-05 13:57:38,692 - BotManager - INFO - Synchronizing bots with database...
2026-09-05 13:57:47,677 - BotManager - INFO - Realtime Event: RealtimePostgresChangesListenEvent.Update on tg_bot_channel_mappings
2026-09-05 13:57:47,677 - BotManager - INFO - Synchronizing bots with database...
2026-09-05 13:57:50,297 - BotManager - INFO - Realtime Event: RealtimePostgresChangesListenEvent.Update on tg_bot_channel_mappings
2026-09-05 13:57:50,297 - BotManager - INFO - Synchronizing bots with database...
2026-09-05 13:57:52,093 - BotManager - INFO - Realtime Event: RealtimePostgresChangesListenEvent.Update on tg_bot_channel_mappings
2026-09-05 13:57:52,094 - BotManager - INFO - Synchronizing bots with database...
2026-09-05 13:58:04,271 - BotManager - INFO - Bot Manager Started (Async Realtime Mode). Setting up listeners...
2026-09-05 13:58:04,289 - BotManager - INFO - Synchronizing bots with database...
2026-09-05 13:58:06,154 - BotManager - INFO - Starting bot: 5542fc01-651b-4db9-ac26-0f56ac329ef9
2026-09-05 13:58:06,216 - BotManager - INFO - Starting bot: 2d250812-83d4-4101-9a49-68ccd475b78c
2026-09-05 13:58:06,271 - BotManager - INFO - Starting bot: 292a9341-f6f7-4719-acac-a04e63c4bc40
2026-09-05 13:58:06,327 - BotManager - INFO - Starting bot: 5ec80d9e-a89e-4bf7-93ec-1fc356e6226f
2026-09-05 13:58:06,389 - BotManager - INFO - Starting bot: 4f4b03bb-3db4-4e4d-9f41-89ea8b36d04f
2026-09-05 13:58:06,448 - BotManager - INFO - Starting bot: 63a8fb0f-0b30-40e1-b1c0-9e85f93c7bc0
2026-09-05 13:58:06,506 - BotManager - INFO - Starting bot: 6dc0ad74-df4f-4494-bafa-814999a65ca8
2026-09-05 13:58:06,561 - BotManager - INFO - Starting bot: aeb96905-2373-4c6e-8d9e-878a0ae4e221
2026-09-05 13:58:06,618 - BotManager - INFO - Starting bot: c1a4d5ee-69f0-4025-aa26-a783e443589f
2026-09-05 13:58:06,676 - BotManager - INFO - Starting bot: b424e21b-044f-426e-90d9-1f6fbb84bf1e
2026-09-05 13:58:06,736 - BotManager - INFO - Starting bot: 80b3cc75-40e6-469f-85b0-dcf2f00b3565
2026-09-05 13:58:06,802 - BotManager - INFO - Starting bot: 81b05478-392f-4c74-ab2d-f50c0d9626d7
2026-09-05 13:58:06,864 - BotManager - INFO - Starting bot: 098d835d-dae9-4eec-932b-cad93336f7ff
2026-09-05 13:58:06,923 - BotManager - INFO - Starting bot: 5e27ec16-8975-47e9-aff4-9012a6679125
2026-09-05 13:58:06,983 - BotManager - INFO - Starting bot: 784e2269-9257-4a14-a229-a62682a4484e
2026-09-05 13:58:07,042 - BotManager - INFO - Starting bot: 86e82f6c-e66f-4b93-bd48-470de6bee501
2026-09-05 13:58:07,100 - BotManager - INFO - Starting bot: d1d905aa-c338-40d6-9cc2-e4b452f374b9
2026-09-05 13:58:07,157 - BotManager - INFO - Starting bot: 8aa85dfe-46fa-4217-b6f0-58c2d3c613e4
2026-09-05 13:58:07,215 - BotManager - INFO - Starting bot: beb7f1df-76be-475e-8310-243a2efc3f85
2026-09-05 13:58:07,271 - BotManager - INFO - Starting bot: 115dd97e-20f6-4c20-8978-7e47933d2ed0
2026-09-05 13:58:07,331 - BotManager - INFO - Starting bot: 84c3f0c6-b0e9-428a-9049-a3068aae0d52
2026-09-05 13:58:07,391 - BotManager - INFO - Starting bot: dd6bb724-8b73-4617-8116-18c14524ab87
2026-09-05 13:58:07,448 - BotManager - INFO - Starting bot: d0ed5c02-5d1b-4616-b8c4-1efa27f5c2d7
2026-09-05 13:58:07,507 - BotManager - INFO - Starting bot: 7f4ab634-55a2-4ad4-9317-23704deb00a8
2026-09-05 13:58:07,566 - BotManager - INFO - Starting bot: d0e30c83-890a-4bac-9895-0aed561e65d9
2026-09-05 13:58:07,621 - BotManager - INFO - Starting bot: e5876354-8701-4744-b404-0726a699c2f5
2026-09-05 13:58:07,678 - BotManager - INFO - Starting bot: f3144f75-e985-47aa-96bc-b69915bc3e6f
2026-09-05 13:58:07,733 - BotManager - INFO - Starting bot: 9a77230b-bb7d-41e4-bc54-1f6a6d65a814
2026-09-05 13:58:07,791 - BotManager - INFO - Starting bot: d270361f-0e21-4364-8af3-b5370171fe19
2026-09-05 13:58:11,393 - BotManager - INFO - Realtime subscriptions active. Monitoring for database changes...
2026-09-05 13:58:12,046 - BotManager - ERROR - Failed to start bot b424e21b-044f-426e-90d9-1f6fbb84bf1e: Bot token expired (caused by ImportBotAuthorizationRequest)
2026-09-05 13:58:12,089 - BotManager - ERROR - Failed to start bot aeb96905-2373-4c6e-8d9e-878a0ae4e221: The provided token is not valid (caused by ImportBotAuthorizationRequest)
2026-09-05 13:58:12,128 - BotManager - ERROR - Failed to start bot 7f4ab634-55a2-4ad4-9317-23704deb00a8: The provided token is not valid (caused by ImportBotAuthorizationRequest)
2026-09-05 13:58:12,184 - BotManager - ERROR - Failed to start bot 5e27ec16-8975-47e9-aff4-9012a6679125: Bot token expired (caused by ImportBotAuthorizationRequest)
2026-09-05 13:58:12,690 - BotManager - ERROR - Failed to start bot 4f4b03bb-3db4-4e4d-9f41-89ea8b36d04f: Bot token expired (caused by ImportBotAuthorizationRequest)
2026-09-05 13:58:13,150 - BotManager - ERROR - Failed to start bot 784e2269-9257-4a14-a229-a62682a4484e: Bot token expired (caused by ImportBotAuthorizationRequest)
2026-09-05 13:58:13,151 - BotManager - ERROR - Failed to start bot d0e30c83-890a-4bac-9895-0aed561e65d9: Bot token expired (caused by ImportBotAuthorizationRequest)
2026-09-05 13:58:13,162 - BotManager - ERROR - Failed to start bot dd6bb724-8b73-4617-8116-18c14524ab87: The provided token is not valid (caused by ImportBotAuthorizationRequest)
2026-09-05 13:58:13,166 - BotManager - ERROR - Failed to start bot 86e82f6c-e66f-4b93-bd48-470de6bee501: Bot token expired (caused by ImportBotAuthorizationRequest)
2026-09-05 13:58:14,257 - BotManager - ERROR - Failed to start bot 6dc0ad74-df4f-4494-bafa-814999a65ca8: Bot token expired (caused by ImportBotAuthorizationRequest)
2026-09-05 13:58:14,874 - BotManager - INFO - Bot 84c3f0c6-b0e9-428a-9049-a3068aae0d52 started successfully!
2026-09-05 13:58:14,875 - BotManager - INFO - Bot 84c3f0c6-b0e9-428a-9049-a3068aae0d52: 12h reminder task started.
2026-09-05 13:58:14,879 - BotManager - INFO - Bot 5542fc01-651b-4db9-ac26-0f56ac329ef9 started successfully!
2026-09-05 13:58:14,880 - BotManager - INFO - Bot 5542fc01-651b-4db9-ac26-0f56ac329ef9: 12h reminder task started.
2026-09-05 13:58:15,011 - BotManager - INFO - Bot 2d250812-83d4-4101-9a49-68ccd475b78c started successfully!
2026-09-05 13:58:15,011 - BotManager - INFO - Bot 2d250812-83d4-4101-9a49-68ccd475b78c: 12h reminder task started.
2026-09-05 13:58:15,027 - BotManager - INFO - Bot 292a9341-f6f7-4719-acac-a04e63c4bc40 started successfully!
2026-09-05 13:58:15,027 - BotManager - INFO - Bot 292a9341-f6f7-4719-acac-a04e63c4bc40: 12h reminder task started.
2026-09-05 13:58:15,028 - BotManager - INFO - Bot 5ec80d9e-a89e-4bf7-93ec-1fc356e6226f started successfully!
2026-09-05 13:58:15,028 - BotManager - INFO - Bot 5ec80d9e-a89e-4bf7-93ec-1fc356e6226f: 12h reminder task started.
2026-09-05 13:58:15,028 - BotManager - INFO - Bot 63a8fb0f-0b30-40e1-b1c0-9e85f93c7bc0 started successfully!
2026-09-05 13:58:15,029 - BotManager - INFO - Bot 63a8fb0f-0b30-40e1-b1c0-9e85f93c7bc0: 12h reminder task started.
2026-09-05 13:58:15,111 - BotManager - INFO - Bot c1a4d5ee-69f0-4025-aa26-a783e443589f started successfully!
2026-09-05 13:58:15,112 - BotManager - INFO - Bot c1a4d5ee-69f0-4025-aa26-a783e443589f: 12h reminder task started.
2026-09-05 13:58:15,213 - BotManager - INFO - Bot f3144f75-e985-47aa-96bc-b69915bc3e6f started successfully!
2026-09-05 13:58:15,213 - BotManager - INFO - Bot f3144f75-e985-47aa-96bc-b69915bc3e6f: 12h reminder task started.
2026-09-05 13:58:15,213 - BotManager - INFO - Bot d0ed5c02-5d1b-4616-b8c4-1efa27f5c2d7 started successfully!
2026-09-05 13:58:15,214 - BotManager - INFO - Bot d0ed5c02-5d1b-4616-b8c4-1efa27f5c2d7: 12h reminder task started.
2026-09-05 13:58:15,295 - BotManager - INFO - Bot 8aa85dfe-46fa-4217-b6f0-58c2d3c613e4 started successfully!
2026-09-05 13:58:15,295 - BotManager - INFO - Bot 8aa85dfe-46fa-4217-b6f0-58c2d3c613e4: 12h reminder task started.
2026-09-05 13:58:15,324 - BotManager - INFO - Bot d1d905aa-c338-40d6-9cc2-e4b452f374b9 started successfully!
2026-09-05 13:58:15,324 - BotManager - INFO - Bot d1d905aa-c338-40d6-9cc2-e4b452f374b9: 12h reminder task started.
2026-09-05 13:58:15,632 - BotManager - INFO - Bot beb7f1df-76be-475e-8310-243a2efc3f85 started successfully!
2026-09-05 13:58:15,633 - BotManager - INFO - Bot beb7f1df-76be-475e-8310-243a2efc3f85: 12h reminder task started.
2026-09-05 13:58:15,759 - BotManager - INFO - Bot 81b05478-392f-4c74-ab2d-f50c0d9626d7 started successfully!
2026-09-05 13:58:15,759 - BotManager - INFO - Bot 81b05478-392f-4c74-ab2d-f50c0d9626d7: 12h reminder task started.
2026-09-05 13:58:15,858 - BotManager - INFO - Bot d270361f-0e21-4364-8af3-b5370171fe19 started successfully!
2026-09-05 13:58:15,859 - BotManager - INFO - Bot d270361f-0e21-4364-8af3-b5370171fe19: 12h reminder task started.
2026-09-05 13:58:16,192 - BotManager - INFO - Bot 098d835d-dae9-4eec-932b-cad93336f7ff started successfully!
2026-09-05 13:58:16,193 - BotManager - INFO - Bot 098d835d-dae9-4eec-932b-cad93336f7ff: 12h reminder task started.
2026-09-05 13:58:16,197 - BotManager - INFO - Bot 9a77230b-bb7d-41e4-bc54-1f6a6d65a814 started successfully!
2026-09-05 13:58:16,197 - BotManager - INFO - Bot 9a77230b-bb7d-41e4-bc54-1f6a6d65a814: 12h reminder task started.
2026-09-05 13:58:16,609 - BotManager - INFO - Bot 115dd97e-20f6-4c20-8978-7e47933d2ed0 started successfully!
2026-09-05 13:58:16,609 - BotManager - INFO - Bot 115dd97e-20f6-4c20-8978-7e47933d2ed0: 12h reminder task started.
2026-09-05 13:58:17,003 - BotManager - INFO - Bot 80b3cc75-40e6-469f-85b0-dcf2f00b3565 started successfully!
2026-09-05 13:58:17,003 - BotManager - INFO - Bot 80b3cc75-40e6-469f-85b0-dcf2f00b3565: 12h reminder task started.
2026-09-05 13:58:17,430 - BotManager - INFO - Bot e5876354-8701-4744-b404-0726a699c2f5 started successfully!
2026-09-05 13:58:17,430 - BotManager - INFO - Bot e5876354-8701-4744-b404-0726a699c2f5: 12h reminder task started.
2026-09-05 13:58:17,496 - BotManager - INFO - Bot c1a4d5ee-69f0-4025-aa26-a783e443589f: Starting invite links sync for channel -1003859281246...
2026-09-05 13:58:17,521 - BotManager - INFO - Bot 5ec80d9e-a89e-4bf7-93ec-1fc356e6226f: Starting invite links sync for channel -1003708880140...
2026-09-05 13:58:17,816 - BotManager - INFO - Bot f3144f75-e985-47aa-96bc-b69915bc3e6f: Starting invite links sync for channel -1001969813867...
2026-09-05 13:58:18,344 - BotManager - INFO - Bot d270361f-0e21-4364-8af3-b5370171fe19: Starting invite links sync for channel -1001416711084...
2026-09-05 13:58:18,393 - BotManager - INFO - Bot 9a77230b-bb7d-41e4-bc54-1f6a6d65a814: Starting invite links sync for channel -1003923823436...
2026-09-05 13:58:18,558 - BotManager - INFO - Bot c1a4d5ee-69f0-4025-aa26-a783e443589f: Found 2 invite link(s) to sync for channel -1003859281246.
2026-09-05 13:58:18,593 - BotManager - INFO - Bot 5ec80d9e-a89e-4bf7-93ec-1fc356e6226f: Found 2 invite link(s) to sync for channel -1003708880140.
2026-09-05 13:58:19,273 - BotManager - INFO - Bot f3144f75-e985-47aa-96bc-b69915bc3e6f: Found 2 invite link(s) to sync for channel -1001969813867.
2026-09-05 13:58:19,289 - BotManager - INFO - Realtime Event: RealtimePostgresChangesListenEvent.Update on tg_bot_channel_mappings
2026-09-05 13:58:19,289 - BotManager - INFO - Synchronizing bots with database...
2026-09-05 13:58:19,423 - BotManager - INFO - Bot 9a77230b-bb7d-41e4-bc54-1f6a6d65a814: Found 2 invite link(s) to sync for channel -1003923823436.
2026-09-05 13:58:19,617 - BotManager - INFO - Bot e5876354-8701-4744-b404-0726a699c2f5: Starting invite links sync for channel -1004318725539...
2026-09-05 13:58:19,622 - BotManager - INFO - Bot d270361f-0e21-4364-8af3-b5370171fe19: Found 2 invite link(s) to sync for channel -1001416711084.
2026-09-05 13:58:19,957 - BotManager - INFO - Realtime Event: RealtimePostgresChangesListenEvent.Update on tg_bot_channel_mappings
2026-09-05 13:58:19,958 - BotManager - INFO - Synchronizing bots with database...
2026-09-05 13:58:20,329 - BotManager - INFO - Realtime Event: RealtimePostgresChangesListenEvent.Update on tg_bot_channel_mappings
2026-09-05 13:58:20,330 - BotManager - INFO - Synchronizing bots with database...
2026-09-05 13:58:20,461 - BotManager - INFO - Realtime Event: RealtimePostgresChangesListenEvent.Update on tg_bot_channel_mappings
2026-09-05 13:58:20,463 - BotManager - INFO - Synchronizing bots with database...
2026-09-05 13:58:20,478 - BotManager - INFO - Realtime Event: RealtimePostgresChangesListenEvent.Update on tg_bot_channel_mappings
2026-09-05 13:58:20,478 - BotManager - INFO - Synchronizing bots with database...
2026-09-05 13:58:41,394 - BotManager - INFO - Synchronizing bots with database...
2026-09-05 13:58:42,200 - BotManager - INFO - Bot e5876354-8701-4744-b404-0726a699c2f5: Found 0 invite link(s) to sync for channel -1004318725539.
2026-09-05 13:59:13,436 - BotManager - INFO - Synchronizing bots with database...
2026-09-05 14:00:08,103 - BotManager - INFO - Bot Manager Started (Async Realtime Mode). Setting up listeners...
2026-09-05 14:00:08,120 - BotManager - INFO - Synchronizing bots with database...
2026-09-05 14:00:09,999 - BotManager - INFO - Starting bot: 5542fc01-651b-4db9-ac26-0f56ac329ef9
2026-09-05 14:00:10,001 - BotManager - INFO - Starting bot: 2d250812-83d4-4101-9a49-68ccd475b78c
2026-09-05 14:00:10,003 - BotManager - INFO - Starting bot: 292a9341-f6f7-4719-acac-a04e63c4bc40
2026-09-05 14:00:10,004 - BotManager - INFO - Starting bot: 5ec80d9e-a89e-4bf7-93ec-1fc356e6226f
2026-09-05 14:00:10,005 - BotManager - INFO - Starting bot: 4f4b03bb-3db4-4e4d-9f41-89ea8b36d04f
2026-09-05 14:00:10,006 - BotManager - INFO - Starting bot: 63a8fb0f-0b30-40e1-b1c0-9e85f93c7bc0
2026-09-05 14:00:10,008 - BotManager - INFO - Starting bot: 6dc0ad74-df4f-4494-bafa-814999a65ca8
2026-09-05 14:00:10,010 - BotManager - INFO - Starting bot: aeb96905-2373-4c6e-8d9e-878a0ae4e221
2026-09-05 14:00:10,011 - BotManager - INFO - Starting bot: c1a4d5ee-69f0-4025-aa26-a783e443589f
2026-09-05 14:00:10,013 - BotManager - INFO - Starting bot: b424e21b-044f-426e-90d9-1f6fbb84bf1e
2026-09-05 14:00:10,014 - BotManager - INFO - Starting bot: 80b3cc75-40e6-469f-85b0-dcf2f00b3565
2026-09-05 14:00:10,015 - BotManager - INFO - Starting bot: 81b05478-392f-4c74-ab2d-f50c0d9626d7
2026-09-05 14:00:10,016 - BotManager - INFO - Starting bot: 098d835d-dae9-4eec-932b-cad93336f7ff
2026-09-05 14:00:10,017 - BotManager - INFO - Starting bot: 5e27ec16-8975-47e9-aff4-9012a6679125
2026-09-05 14:00:10,018 - BotManager - INFO - Starting bot: 784e2269-9257-4a14-a229-a62682a4484e
2026-09-05 14:00:10,019 - BotManager - INFO - Starting bot: 86e82f6c-e66f-4b93-bd48-470de6bee501
2026-09-05 14:00:10,020 - BotManager - INFO - Starting bot: d1d905aa-c338-40d6-9cc2-e4b452f374b9
2026-09-05 14:00:10,022 - BotManager - INFO - Starting bot: 8aa85dfe-46fa-4217-b6f0-58c2d3c613e4
2026-09-05 14:00:10,023 - BotManager - INFO - Starting bot: beb7f1df-76be-475e-8310-243a2efc3f85
2026-09-05 14:00:10,024 - BotManager - INFO - Starting bot: 115dd97e-20f6-4c20-8978-7e47933d2ed0
2026-09-05 14:00:10,026 - BotManager - INFO - Starting bot: 84c3f0c6-b0e9-428a-9049-a3068aae0d52
2026-09-05 14:00:10,028 - BotManager - INFO - Starting bot: dd6bb724-8b73-4617-8116-18c14524ab87
2026-09-05 14:00:10,029 - BotManager - INFO - Starting bot: d0ed5c02-5d1b-4616-b8c4-1efa27f5c2d7
2026-09-05 14:00:10,030 - BotManager - INFO - Starting bot: 7f4ab634-55a2-4ad4-9317-23704deb00a8
2026-09-05 14:00:10,032 - BotManager - INFO - Starting bot: d0e30c83-890a-4bac-9895-0aed561e65d9
2026-09-05 14:00:10,033 - BotManager - INFO - Starting bot: e5876354-8701-4744-b404-0726a699c2f5
2026-09-05 14:00:10,034 - BotManager - INFO - Starting bot: f3144f75-e985-47aa-96bc-b69915bc3e6f
2026-09-05 14:00:10,036 - BotManager - INFO - Starting bot: 9a77230b-bb7d-41e4-bc54-1f6a6d65a814
2026-09-05 14:00:10,037 - BotManager - INFO - Starting bot: d270361f-0e21-4364-8af3-b5370171fe19
2026-09-05 14:00:10,733 - BotManager - INFO - Bot 2d250812-83d4-4101-9a49-68ccd475b78c started successfully!
2026-09-05 14:00:10,733 - BotManager - INFO - Bot 2d250812-83d4-4101-9a49-68ccd475b78c: 12h reminder task started.
2026-09-05 14:00:10,733 - BotManager - INFO - Bot 292a9341-f6f7-4719-acac-a04e63c4bc40 started successfully!
2026-09-05 14:00:10,733 - BotManager - INFO - Bot 292a9341-f6f7-4719-acac-a04e63c4bc40: 12h reminder task started.
2026-09-05 14:00:10,745 - BotManager - INFO - Bot 81b05478-392f-4c74-ab2d-f50c0d9626d7 started successfully!
2026-09-05 14:00:10,746 - BotManager - INFO - Bot 81b05478-392f-4c74-ab2d-f50c0d9626d7: 12h reminder task started.
2026-09-05 14:00:10,753 - BotManager - INFO - Bot 5542fc01-651b-4db9-ac26-0f56ac329ef9 started successfully!
2026-09-05 14:00:10,753 - BotManager - INFO - Bot 5542fc01-651b-4db9-ac26-0f56ac329ef9: 12h reminder task started.
2026-09-05 14:00:10,755 - BotManager - INFO - Realtime subscriptions active. Monitoring for database changes...
2026-09-05 14:00:10,758 - BotManager - INFO - Bot 115dd97e-20f6-4c20-8978-7e47933d2ed0 started successfully!
2026-09-05 14:00:10,758 - BotManager - INFO - Bot 115dd97e-20f6-4c20-8978-7e47933d2ed0: 12h reminder task started.
2026-09-05 14:00:10,765 - BotManager - INFO - Bot 5ec80d9e-a89e-4bf7-93ec-1fc356e6226f started successfully!
2026-09-05 14:00:10,765 - BotManager - INFO - Bot 5ec80d9e-a89e-4bf7-93ec-1fc356e6226f: 12h reminder task started.
2026-09-05 14:00:10,769 - BotManager - INFO - Bot 80b3cc75-40e6-469f-85b0-dcf2f00b3565 started successfully!
2026-09-05 14:00:10,769 - BotManager - INFO - Bot 80b3cc75-40e6-469f-85b0-dcf2f00b3565: 12h reminder task started.
2026-09-05 14:00:10,799 - BotManager - INFO - Bot e5876354-8701-4744-b404-0726a699c2f5 started successfully!
2026-09-05 14:00:10,799 - BotManager - INFO - Bot e5876354-8701-4744-b404-0726a699c2f5: 12h reminder task started.
2026-09-05 14:00:10,821 - BotManager - INFO - Bot c1a4d5ee-69f0-4025-aa26-a783e443589f started successfully!
2026-09-05 14:00:10,822 - BotManager - INFO - Bot c1a4d5ee-69f0-4025-aa26-a783e443589f: 12h reminder task started.
2026-09-05 14:00:10,825 - BotManager - INFO - Bot 84c3f0c6-b0e9-428a-9049-a3068aae0d52 started successfully!
2026-09-05 14:00:10,825 - BotManager - INFO - Bot 84c3f0c6-b0e9-428a-9049-a3068aae0d52: 12h reminder task started.
2026-09-05 14:00:10,827 - BotManager - INFO - Bot 098d835d-dae9-4eec-932b-cad93336f7ff started successfully!
2026-09-05 14:00:10,827 - BotManager - INFO - Bot 098d835d-dae9-4eec-932b-cad93336f7ff: 12h reminder task started.
2026-09-05 14:00:10,866 - BotManager - INFO - Bot d0ed5c02-5d1b-4616-b8c4-1efa27f5c2d7 started successfully!
2026-09-05 14:00:10,866 - BotManager - INFO - Bot d0ed5c02-5d1b-4616-b8c4-1efa27f5c2d7: 12h reminder task started.
2026-09-05 14:00:10,876 - BotManager - INFO - Bot 9a77230b-bb7d-41e4-bc54-1f6a6d65a814 started successfully!
2026-09-05 14:00:10,876 - BotManager - INFO - Bot 9a77230b-bb7d-41e4-bc54-1f6a6d65a814: 12h reminder task started.
2026-09-05 14:00:10,911 - BotManager - INFO - Bot d270361f-0e21-4364-8af3-b5370171fe19 started successfully!
2026-09-05 14:00:10,911 - BotManager - INFO - Bot d270361f-0e21-4364-8af3-b5370171fe19: 12h reminder task started.
2026-09-05 14:00:10,913 - BotManager - INFO - Bot d1d905aa-c338-40d6-9cc2-e4b452f374b9 started successfully!
2026-09-05 14:00:10,913 - BotManager - INFO - Bot d1d905aa-c338-40d6-9cc2-e4b452f374b9: 12h reminder task started.
2026-09-05 14:00:10,959 - BotManager - INFO - Bot 63a8fb0f-0b30-40e1-b1c0-9e85f93c7bc0 started successfully!
2026-09-05 14:00:10,960 - BotManager - INFO - Bot 63a8fb0f-0b30-40e1-b1c0-9e85f93c7bc0: 12h reminder task started.
2026-09-05 14:00:11,059 - BotManager - INFO - Bot f3144f75-e985-47aa-96bc-b69915bc3e6f started successfully!
2026-09-05 14:00:11,059 - BotManager - INFO - Bot f3144f75-e985-47aa-96bc-b69915bc3e6f: 12h reminder task started.
2026-09-05 14:00:11,212 - BotManager - INFO - Bot 8aa85dfe-46fa-4217-b6f0-58c2d3c613e4 started successfully!
2026-09-05 14:00:11,212 - BotManager - INFO - Bot 8aa85dfe-46fa-4217-b6f0-58c2d3c613e4: 12h reminder task started.
2026-09-05 14:00:11,280 - BotManager - INFO - Bot beb7f1df-76be-475e-8310-243a2efc3f85 started successfully!
2026-09-05 14:00:11,281 - BotManager - INFO - Bot beb7f1df-76be-475e-8310-243a2efc3f85: 12h reminder task started.
2026-09-05 14:00:11,308 - BotManager - ERROR - Failed to start bot 5e27ec16-8975-47e9-aff4-9012a6679125: Bot token expired (caused by ImportBotAuthorizationRequest)
2026-09-05 14:00:11,322 - BotManager - ERROR - Failed to start bot 86e82f6c-e66f-4b93-bd48-470de6bee501: Bot token expired (caused by ImportBotAuthorizationRequest)
2026-09-05 14:00:11,324 - BotManager - ERROR - Failed to start bot 7f4ab634-55a2-4ad4-9317-23704deb00a8: The provided token is not valid (caused by ImportBotAuthorizationRequest)
2026-09-05 14:00:11,354 - BotManager - ERROR - Failed to start bot 6dc0ad74-df4f-4494-bafa-814999a65ca8: Bot token expired (caused by ImportBotAuthorizationRequest)
2026-09-05 14:00:11,357 - BotManager - ERROR - Failed to start bot dd6bb724-8b73-4617-8116-18c14524ab87: The provided token is not valid (caused by ImportBotAuthorizationRequest)
2026-09-05 14:00:11,384 - BotManager - ERROR - Failed to start bot aeb96905-2373-4c6e-8d9e-878a0ae4e221: The provided token is not valid (caused by ImportBotAuthorizationRequest)
2026-09-05 14:00:11,390 - BotManager - ERROR - Failed to start bot b424e21b-044f-426e-90d9-1f6fbb84bf1e: Bot token expired (caused by ImportBotAuthorizationRequest)
2026-09-05 14:00:11,403 - BotManager - ERROR - Failed to start bot d0e30c83-890a-4bac-9895-0aed561e65d9: Bot token expired (caused by ImportBotAuthorizationRequest)
2026-09-05 14:00:11,405 - BotManager - ERROR - Failed to start bot 784e2269-9257-4a14-a229-a62682a4484e: Bot token expired (caused by ImportBotAuthorizationRequest)
2026-09-05 14:00:11,429 - BotManager - ERROR - Failed to start bot 4f4b03bb-3db4-4e4d-9f41-89ea8b36d04f: Bot token expired (caused by ImportBotAuthorizationRequest)
2026-09-05 14:00:12,959 - BotManager - INFO - Bot 5ec80d9e-a89e-4bf7-93ec-1fc356e6226f: Starting invite links sync for channel -1003708880140...
2026-09-05 14:00:13,017 - BotManager - INFO - Bot e5876354-8701-4744-b404-0726a699c2f5: Starting invite links sync for channel -1004318725539...
2026-09-05 14:00:13,018 - BotManager - INFO - Bot c1a4d5ee-69f0-4025-aa26-a783e443589f: Starting invite links sync for channel -1003859281246...
2026-09-05 14:00:13,150 - BotManager - INFO - Bot 9a77230b-bb7d-41e4-bc54-1f6a6d65a814: Starting invite links sync for channel -1003923823436...
2026-09-05 14:00:13,358 - BotManager - INFO - Bot d270361f-0e21-4364-8af3-b5370171fe19: Starting invite links sync for channel -1001416711084...
2026-09-05 14:00:13,695 - BotManager - INFO - Bot f3144f75-e985-47aa-96bc-b69915bc3e6f: Starting invite links sync for channel -1001969813867...
2026-09-05 14:00:14,256 - BotManager - INFO - Bot 5ec80d9e-a89e-4bf7-93ec-1fc356e6226f: Found 2 invite link(s) to sync for channel -1003708880140.
2026-09-05 14:00:14,291 - BotManager - INFO - Bot c1a4d5ee-69f0-4025-aa26-a783e443589f: Found 2 invite link(s) to sync for channel -1003859281246.
2026-09-05 14:00:14,353 - BotManager - INFO - Bot 9a77230b-bb7d-41e4-bc54-1f6a6d65a814: Found 2 invite link(s) to sync for channel -1003923823436.
2026-09-05 14:00:14,704 - BotManager - INFO - Bot e5876354-8701-4744-b404-0726a699c2f5: Found 0 invite link(s) to sync for channel -1004318725539.
2026-09-05 14:00:14,841 - BotManager - INFO - Bot d270361f-0e21-4364-8af3-b5370171fe19: Found 2 invite link(s) to sync for channel -1001416711084.
2026-09-05 14:00:15,282 - BotManager - INFO - Realtime Event: RealtimePostgresChangesListenEvent.Update on tg_bot_channel_mappings
2026-09-05 14:00:15,283 - BotManager - INFO - Synchronizing bots with database...
2026-09-05 14:00:15,287 - BotManager - INFO - Realtime Event: RealtimePostgresChangesListenEvent.Update on tg_bot_channel_mappings
2026-09-05 14:00:15,288 - BotManager - INFO - Realtime Event: RealtimePostgresChangesListenEvent.Update on tg_bot_channel_mappings
2026-09-05 14:00:15,289 - BotManager - INFO - Synchronizing bots with database...
2026-09-05 14:00:15,291 - BotManager - INFO - Synchronizing bots with database...
2026-09-05 14:00:15,530 - BotManager - INFO - Bot f3144f75-e985-47aa-96bc-b69915bc3e6f: Found 2 invite link(s) to sync for channel -1001969813867.
2026-09-05 14:00:16,222 - BotManager - INFO - Realtime Event: RealtimePostgresChangesListenEvent.Update on tg_bot_channel_mappings
2026-09-05 14:00:16,222 - BotManager - INFO - Synchronizing bots with database...
2026-09-05 14:00:16,396 - BotManager - INFO - Realtime Event: RealtimePostgresChangesListenEvent.Update on tg_bot_channel_mappings
2026-09-05 14:00:16,397 - BotManager - INFO - Synchronizing bots with database...
2026-09-05 14:00:40,758 - BotManager - INFO - Synchronizing bots with database...
2026-09-05 14:01:12,818 - BotManager - INFO - Synchronizing bots with database...
2026-09-05 14:01:45,237 - BotManager - INFO - Synchronizing bots with database...
2026-09-05 14:02:17,639 - BotManager - INFO - Synchronizing bots with database...
2026-09-05 14:02:49,946 - BotManager - INFO - Synchronizing bots with database...
2026-09-05 14:03:21,991 - BotManager - INFO - Synchronizing bots with database...
2026-09-05 14:03:54,159 - BotManager - INFO - Synchronizing bots with database...
2026-09-05 14:04:26,424 - BotManager - INFO - Synchronizing bots with database...
2026-09-05 14:04:58,463 - BotManager - INFO - Synchronizing bots with database...
2026-09-05 14:05:30,473 - BotManager - INFO - Synchronizing bots with database...
2026-09-05 14:06:02,427 - BotManager - INFO - Synchronizing bots with database...
